U,V,W,ElecDeg,Te,id,iq,omega,Tm,MechDeg,AngleError
-0.004249378311510115,26.027952946044888,-26.023703567733378,359.99189833840916,1.1326250000000002,0,21.250000000000004,-1.131205357142857,-3.167375,359.99189833840916,0
-0.03476111983300862,44.93387284357445,-44.899111723741434,359.96159912459444,1.9547332937176345,-1.1102230246251565e-15,36.674170613839294,-3.099362977514269,-2.343466337039952,359.96159912459444,0
-0.11078148232382161,59.02785920890479,-58.91707772658098,359.90678823188534,2.5664420421531178,-8.326672684688674e-16,48.15088259199095,-4.55368137233704,-1.7286251684638079,359.90678823188534,0
-0.2326470409098639,69.6138651670714,-69.38121812616153,359.83389598201535,3.0244948335865685,-6.245004513516506e-16,56.744743594494715,-5.623996703008651,-1.2682577574167022,359.83389598201535,0
-0.3936321635485874,77.622973191141,-77.22934102759243,359.7477371310196,3.3695623222358075,-1.5785983631388945e-15,63.21880529523091,-6.406048333876055,-0.9214868090120288,359.7477371310196,0
-0.5852589539919071,83.72522208586435,-83.13996313187245,359.6519350844485,3.6309923370850146,-1.1839487723541708e-15,68.12368362260816,-6.970440808642767,-0.6588121203347655,359.6519350844485,0
-0.7995105851460602,88.40643297062722,-87.60692238548117,359.5492321895598,3.8301047037499427,2.222614453595284e-16,71.85937530487698,-7.369588528457972,-0.45880149514780744,359.5492321895598,0
-1.0296017789393417,92.0214792199086,-90.99187744096926,359.4417149314812,3.982492691470679,1.666960840196463e-16,74.71843698819285,-7.642652721046741,-0.3057782441007466,359.4417149314812,0
-1.2701088782301755,94.83147280901662,-93.56136393078646,359.33097848012,4.099638630065611,1.2352450876398913e-15,76.9162969993548,-7.819072704777542,-0.1881977103454958,359.33097848012,0
-1.5168424357420565,97.02989877542036,-95.51305633967831,359.2182477391549,4.19005421998402,-1.8378920889523809e-16,78.61264953065704,-7.921108079651782,-0.09750133930237692,359.2182477391549,0
-1.766639145673686,98.76110814115034,-96.99446899547668,359.1044669928893,4.26009004156949,-1.3784190667142857e-16,79.92664243094728,-7.9656811020362355,-0.0273031233740925,359.1044669928893,0
-2.0171499880862163,100.13349462323797,-98.11634463515175,358.99036673044503,4.314513761822582,-2.3238274792538845e-15,80.94772536252499,-7.965720954295765,0.027191537047409536,358.99036673044503,0
-2.266654055887991,101.22894971702374,-98.96229566113574,358.8765137698233,4.356925786132839,-1.7428706094404134e-15,81.74344814508142,-7.9311512536415085,0.06960362478450799,358.8765137698233,0
-2.5139059246620388,102.10969576686192,-99.59578984219988,358.7633490789645,4.390060040622132,-1.30715295708031e-15,82.36510395163475,-7.869620366259042,0.10268285988639786,358.7633490789645,0
-2.75801527510632,102.8232595830856,-100.06524430797928,358.65121647268455,4.416003104574045,-2.090587742435389e-15,82.85184061114532,-7.787045061160502,0.1285279943895133,358.65121647268455,0
-2.9983541865215138,103.40611846987663,-100.4077642833551,358.54038449917124,4.436354944866368,-1.5679408068265418e-15,83.23367626390935,-7.688017773163534,0.14874841200199837,358.54038449917124,0
-3.2344868564433202,103.88639183517162,-100.6519049787283,358.43106321147917,4.4523476118870216,-2.286178629745063e-15,83.5337263018203,-7.5761135288061086,0.16458347219879496,358.43106321147917,0
-3.466116914027193,104.28584183052921,-100.81972491650201,358.3234170748321,4.4649334713769235,-1.7146339723087972e-15,83.7698587500361,-7.4541225635378705,0.17699123055227245,358.3234170748321,0
-3.6930482611212807,104.6213702038173,-100.92832194269604,358.21757493864135,4.474851209986575,-1.2859754792315979e-15,83.95593264515149,-7.324227547443996,0.18671481451057392,358.21757493864135,0
-3.9151561779036497,104.90614524589458,-100.99098906799092,358.113637767525,4.482675514368113,-9.644816094236984e-16,84.10273010071506,-7.188139262064088,0.19433238455316854,358.113637767525,0
-4.132366145332059,105.15045524433536,-101.0180890990033,358.01168465343466,4.488854676800166,-7.233612070677738e-16,84.21866185366164,-7.047200926240788,0.20029495575207049,358.01168465343466,0
-4.344638428777376,105.3623583592127,-101.01771993043533,357.9117775037926,4.4937392137700405,-1.6527439299259869e-15,84.31030419831221,-6.902468734045845,0.20495518239377072,357.9117775037926,0
-4.551956938263411,105.54817997703017,-100.99622303876676,357.81396470594586,4.497603752580948,-2.3497809720696467e-15,84.38280961690333,-6.754774250060015,0.2085893727665543,357.81396470594586,0
-4.754321246882037,105.7128950881344,-100.95857384125239,357.71828399744385,4.500663844831405,-1.762335729052235e-15,84.44022222948227,-6.604772901948719,0.21141440194507433,357.71828399744385,0
-4.951740929471805,105.86042348779604,-100.90868255832423,357.62476471834145,4.503088935212908,-2.431974821414333e-15,84.48572111093637,-6.452981773480352,0.21360075776635357,357.62476471834145,0
-5.144231596616239,105.99385852332003,-100.8496269267038,357.5334295813604,4.505012401279888,-2.934204140685906e-15,84.52180865440691,-6.299809131153368,0.21528264074920145,357.5334295813604,0
-5.331812159701564,106.11564493303462,-100.78383277333306,357.4442960650122,4.506539350978327,-3.3108761301395864e-15,84.55045686638513,-6.145577542094399,0.2165658086159127,357.4442960650122,0
-5.514502983474269,106.22771751070319,-100.71321452722894,357.3573775112757,4.507752696121874,-2.4831570976046898e-15,84.57322131560738,-5.990542008102408,0.21753368656166272,357.3573775112757,0
-5.692324672909678,106.33160950209191,-100.63928482918224,357.27268399135704,4.508717894976359,-2.972590847828674e-15,84.5913301121268,-5.834904213366011,0.21825213870025031,357.27268399135704,0
-5.865297308649471,106.42853753043462,-100.56324022178518,357.19022298912313,4.50948666379506,-3.339666160496662e-15,84.60575354212119,-5.678823734446168,0.21877320227530914,357.19022298912313,0
-6.033439995475439,106.51946826259115,-100.48602826711573,357.10999994100405,4.510099887063407,-8.055864743498278e-15,84.61725866910707,-5.522426870867038,0.21913801574625405,357.10999994100405,0
-6.196770625536021,106.60517082997181,-100.40840020443581,357.0320186627795,4.510589903268819,-7.152121582248865e-15,84.6264522189272,-5.365813608596076,0.21937911861243942,357.0320186627795,0
-6.355305785594767,106.68625810811562,-100.33095232252087,356.95628168713,4.510982302797012,-7.584537235936962e-15,84.63381431138859,-5.2090631160944225,0.21952226039219017,356.95628168713,0
-6.509060757855424,106.76321926351484,-100.25415850565942,356.88279053073455,4.511297343854943,-6.798625951577878e-15,84.63972502542106,-5.052238085492575,0.2195878252929838,356.88279053073455,0
-6.658049578800117,106.8364454426296,-100.17839586382951,356.81154590570225,4.511551068773067,-7.319415512933722e-15,84.64448534283429,-4.895388163808331,0.21959195542290005,356.81154590570225,0
-6.802285131316917,106.90625006666242,-100.10396493534553,356.74254788699557,4.511756184902471,-6.5997846593254475e-15,84.6483336754685,-4.738552666461328,0.21954743714870792,356.74254788699557,0
-6.941779253253376,106.97288487732911,-100.03110562407574,356.6757960450434,4.511922760299668,-8.280507568369554e-15,84.65145891744217,-4.581762724229877,0.21946440109935408,356.6757960450434,0
-7.0765428511716415,107.03655263166611,-99.96000978049447,356.6112895508062,4.512058773513233,-7.320603700902322e-15,84.65401076009817,-4.425042982633827,0.2193508753695866,356.6112895508062,0
-7.206586012096639,107.09741715136668,-99.89083113927005,356.5490272590336,4.512170548321606,-6.600675800301898e-15,84.65610784843538,-4.268412947515257,0.21921322296240908,356.5490272590336,0
-7.331918108870986,107.15561128175965,-99.82369317288868,356.48900777425206,4.512263097667283,-6.060729874851579e-15,84.65784423390775,-4.111888050791244,0.21905648786482823,356.48900777425206,0
-7.452547896684437,107.21124319781636,-99.75869530113195,356.4312295030723,4.512340395868334,-4.545547406138684e-15,84.65929448158225,-3.9554804947839575,0.21888466895557313,356.4312295030723,0
-7.568483599664922,107.26440140221455,-99.69591780254964,356.3756906956582,4.5124055941414065,-4.51938357922917e-15,84.66051771372246,-3.7991999212741487,0.21870093687189113,356.3756906956582,0
-7.6797329872977675,107.3151586879074,-99.63542570060966,356.3223894786061,4.512461191293944,-4.499760709047034e-15,84.66156081226912,-3.6430539417604035,0.21850780576659568,356.3223894786061,0
-7.7863034409887675,107.36357528051978,-99.57727183953101,356.2713238810162,4.512509168946004,-5.595266581035589e-15,84.66246095583499,-3.4870485577816837,0.2183072693738204,356.2713238810162,0
-7.888202011421485,107.40970133086948,-99.52149931944803,356.2224918551668,4.512551098676309,-4.196449935776692e-15,84.66324762994951,-3.331188494139593,0.2181009088240335,356.2224918551668,0
-7.985435467529397,107.45357889238065,-99.46814342485125,356.1758912929104,4.512588226937763,-4.257560476457675e-15,84.6639442202207,-3.175477463098904,0.21788997808989466,356.1758912929104,0
-8.078010337982192,107.4952434901053,-99.41723315212312,356.1315200386764,4.512621542365617,-5.41361640659357e-15,84.66456927515229,-3.019918373882903,0.21767547171490784,356.1315200386764,0
-8.165932946084505,107.53472536588214,-99.36879241979763,356.0893758997843,4.512651829136407,-5.170435329570333e-15,84.66513750724965,-2.8645134988040852,0.2174581785057818,356.0893758997843,0
-8.249209438950484,107.57205046662196,-99.32284102767149,356.0494566546229,4.512679709273455,-3.87782649717775e-15,84.66566058674401,-2.7092646050154716,0.21723872410233688,356.0494566546229,0
-8.327845811753892,107.60724122882091,-99.27939541706704,356.01176005913806,4.512705676191985,-4.018592897508469e-15,84.66614777095656,-2.5541730590030993,0.217017604732306,356.01176005913806,0
-8.401847927777581,107.64031720140642,-99.23846927362882,355.9762838519782,4.512730121300077,-3.0139446731313516e-15,84.66660640337855,-2.399239909463489,0.21679521397860207,355.9762838519782,0
-8.47122153490927,107.671295540308,-99.20007400539872,355.9430257585755,4.512753355094507,-2.2604585048485138e-15,84.66704230946542,-2.2444659530400415,0.21657186400705153,355.9430257585755,0
-8.535972279147023,107.70019140124147,-99.16421912209445,355.9119834943827,4.512775623891731,-2.805566903261542e-15,84.66746011053904,-2.089851786465377,0.21634780240200874,355.9119834943827,0
-8.596105715610408,107.72701825172217,-99.13091253611178,355.8831547674406,4.512797123097822,-2.1041751774461566e-15,84.66786347275463,-1.9353978479220613,0.21612322551927576,355.8831547674406,0
-8.651627317477175,107.75178811897898,-99.1001608015018,355.856537280414,4.512818007733773,-3.7985774323349304e-15,84.6682553045736,-1.7811044498518789,0.21589828907723524,355.856537280414,0
-8.702542483208447,107.77451178700242,-99.07196930379396,355.8321287322064,4.512838400784153,-5.069379123501511e-15,84.66863791339874,-1.6269718049822512,0.21567311655772203,355.8321287322064,0
-8.74885654236858,107.79519895322589,-99.04634241085732,355.8099268192406,4.512858399819447,-6.022480391876446e-15,84.66901312982078,-1.4730000469724263,0.21544780586978823,355.8099268192406,0
-8.7905747603003,107.81385835317549,-99.02328359287522,355.7899292364738,4.512878082249201,-4.516860293907334e-15,84.66938240617638,-1.3191892467918933,0.21522243463570367,355.7899292364738,0
-8.82770234186879,107.83049785970029,-99.00279551783152,355.77213367820264,4.51289750948912,-3.387645220430501e-15,84.66974689473021,-1.1655394257133826,0.21499706438412616,355.77213367820264,0
-8.860244434460204,107.84512456203593,-98.98488012757574,355.756537838701,4.512916730266748,-2.5407339153228755e-15,84.67010750969509,-1.0120505656203176,0.21477174387645603,355.756537838701,0
-8.888206130381668,107.8577448288655,-98.96953869848384,355.74313941272584,4.512935783243816,-3.0157734611173133e-15,84.67046497643183,-0.8587226171838724,0.21454651174559056,355.74313941272584,0
-8.911592468791182,107.86836435868813,-98.95677188989696,355.73193609591794,4.512954699096562,-3.3720531204631413e-15,84.67081987047958,-0.7055555063499979,0.21432139858925806,355.73193609591794,0
-8.930408437260935,107.87698822011988,-98.94657978285896,355.7229255851189,4.512973502166054,-5.859708914222826e-15,84.67117264851885,-0.5525491394857387,0.21409642863066744,355.7229255851189,0
-8.944658973056656,107.88362088421086,-98.93896191115421,355.71610557862255,4.512992211767443,-5.505004710292276e-15,84.67152367293514,-0.3997034074619479,0.2138716210359467,355.71610557862255,0
-8.954348964205861,107.88826625043242,-98.93391728622657,355.7114737763737,4.513010843228592,-4.1287535327192075e-15,84.67187323130567,-0.24701818889222588,0.21364699095927486,355.7114737763737,0
-8.959483250412006,107.89092766764935,-98.93144441723734,355.7090278801251,4.513029408714084,-5.317011198789718e-15,84.672221551859,-0.09449335270246964,0.21342255037204255,355.7090278801251,0
-8.960066623860655,107.89160795111759,-98.93154132725695,355.7087655935621,4.5130479178789145,-3.987758399092289e-15,84.67256881573948,0.05787123983062911,0.2131983087206339,355.7087655935621,0
-8.956103829957245,107.89030939633571,-98.9342055663785,355.7106846223999,4.513066378387094,-5.2112648485695294e-15,84.67291516673723,0.21007573346238248,0.21297427344827552,355.7106846223999,0
-8.947599568025542,107.8870337904066,-98.93943422238107,355.7147826744616,4.513084796323088,-6.12889468567746e-15,84.67326071900727,0.36212027769714006,0.2127504504090458,355.7147826744616,0
-8.934558491995702,107.88178242143137,-98.9472239294357,355.7210574597383,4.5131031765182135,-5.7068940388832514e-15,84.6736055631935,0.5140050257704851,0.21252684419632054,355.7210574597383,0
-8.916985211098801,107.87455608634743,-98.95757087524862,355.7295066904369,4.5131215228096,-4.280170529162439e-15,84.67394977128706,0.6657301338417945,0.21230345840334566,355.7295066904369,0
-8.894884290586191,107.86535509754174,-98.97047080695556,355.74012808101764,4.513139838245627,-4.320350921496986e-15,84.67429340048082,0.8172957603536916,0.21208029582996604,355.74012808101764,0
-8.86826025248582,107.85417928849657,-98.98591903601074,355.7529193482229,4.5131581252489115,-3.2402631911227393e-15,84.67463649622724,0.9687020655239038,0.21185735864662825,355.7529193482229,0
-8.83711757640838,107.84102801867813,-99.00391044226976,355.7678782110999,4.513176385745612,-3.540420417967211e-15,84.6749790946644,1.119949210942163,0.21163464852449757,355.7678782110999,0
-8.80146070040901,107.82590017782957,-99.02443947742057,355.785002391018,4.513194621268015,-2.6553153134754083e-15,84.67532122454062,1.2710373592504414,0.21141216673868224,355.785002391018,0
-8.761294021912308,107.80879418979931,-99.04750016788702,355.80428961168184,4.513212833035922,-1.9914864851065564e-15,84.6756629087415,1.421966673889303,0.21118991425013064,355.80428961168184,0
-8.716621898707983,107.78970801600975,-99.0730861173018,355.8257375991415,4.513231022021216,-2.603837888455074e-15,84.67600416550124,1.5727373188967078,0.21096789177060213,355.8257375991415,0
-8.667448650016885,107.7686391586453,-99.10119050862843,355.8493440818,4.51324918899909,-4.1733244655916186e-15,84.67634500936379,1.7233494587484284,0.21074609981421535,355.8493440818,0
-8.61377855763497,107.74558466362767,-99.13180610599272,355.87510679041833,4.513267334588683,-5.3504393984440274e-15,84.67668545194527,1.873803258231483,0.21052453873833754,355.87510679041833,0
-8.555615867155707,107.72054112342889,-99.16492525627321,355.90302345811955,4.513285459285329,-7.34349862270849e-15,84.677025502539,2.0240988823437593,0.21030320877603642,355.90302345811955,0
-8.492964789272305,107.69350467976321,-99.20053989049093,355.93309182039104,4.513303563486127,-8.838293040906838e-15,84.67736516859524,2.1742364962144185,0.210082110061809,355.93309182039104,0
-8.425829501162665,107.66447102619023,-99.23864152502759,355.9653096150859,4.513321647510245,-6.6287197806801285e-15,84.67770445610216,2.324216265040783,0.20986124265201178,355.9653096150859,0
-8.354214147956217,107.63343541065578,-99.27922126269956,355.9996745824237,4.513339711615015,-6.0817628601352525e-15,84.67804336988772,2.4740383540383073,0.20964060654105707,355.9996745824237,0
-8.278122844285082,107.60039263799021,-99.32226979370515,356.0361844649904,4.5133577560087055,-6.781768194351752e-15,84.67838191385938,2.623702928400922,0.2094202016742643,356.0361844649904,0
-8.197559675919004,107.56533707238215,-99.36777739646314,356.07483700773776,4.513375780860656,-7.306772195014128e-15,84.6787200911943,2.773210153269609,0.20920002795805934,356.07483700773776,0
-8.112528701483424,107.52826263983768,-99.41573393835425,356.11562995798243,4.513393786309321,-6.590302170885752e-15,84.67905790449008,2.922560193707511,0.2089800852680667,356.11562995798243,0
-8.023033954262974,107.48916283063866,-99.46612887637572,356.15856106540485,4.5134117724686424,-4.942726628164314e-15,84.67939535588448,3.0717532146802213,0.20876037345552104,356.15856106540485,0
-7.929079444088306,107.44803070180605,-99.51895125771777,356.2036280820475,4.513429739433114,-4.817267995748392e-15,84.67973244715036,3.220789381040181,0.2085408923523666,356.2036280820475,0
-7.830669159306414,107.40485887957608,-99.57418972026967,356.2508287623133,4.513447687281794,-5.8333970460616074e-15,84.680069179771,3.3696688575143443,0.20832164177529022,356.2508287623133,0
-7.727807068835744,107.35963956189394,-99.63183249305821,356.30016086296376,4.513465616081492,-5.485270809171362e-15,84.68040555499984,3.518391808694423,0.20810262152892955,356.30016086296376,0
-7.620497124302475,107.31236452092928,-99.6918673966268,356.351622143117,4.513483525889292,-4.1139531068785215e-15,84.68074157390792,3.6669583990291885,0.20788383140841468,356.351622143117,0
-7.50874326226118,107.26302510561696,-99.75428184335577,356.40521036424565,4.513501416754565,-4.1956878547840475e-15,84.68107723742148,3.8153687928184032,0.20766527120138664,356.40521036424565,0
-7.3925494064974595,107.2116122442263,-99.81906283772886,356.4609232901745,4.513519288720551,-2.036542866462879e-15,84.68141254635181,3.96362315420804,0.20744694068959518,356.4609232901745,0
-7.2719194704116905,107.15811644696001,-99.88619697654833,356.5187586870786,4.513537141825626,-2.6376301744723158e-15,84.68174750141888,4.111721647186527,0.20722883965016944,356.5187586870786,0
-7.146857359484865,107.10252780858583,-99.95567044910098,356.57871432348077,4.513554976104302,-3.0884456554793935e-15,84.6820821032702,4.2596644355818105,0.20701096785662565,356.57871432348077,0
-7.017366973824758,107.04483601110148,-100.02746903727673,356.6407879702493,4.513572791588018,-5.6470033154850144e-15,84.68241635249565,4.407451683059056,0.20679332507966242,356.6407879702493,0
-6.88345221079264,106.98503032643463,-100.101578115642,356.70497740059557,4.513590588305777,-6.455698535864074e-15,84.68275024963935,4.555083553118865,0.20657591108780196,356.70497740059557,0
-6.745116967708908,106.92309961917897,-100.17798265147009,356.77128039007187,4.51360836628464,-4.841773901898055e-15,84.683083795209,4.702560209095896,0.20635872564788513,356.77128039007187,0
-6.602365144639356,106.85903234936717,-100.25666720472783,356.83969471656883,4.5136261255501235,-6.961999500299011e-15,84.68341698968337,4.84988181415781,0.20614176852547503,356.83969471656883,0
-6.455200647258013,106.7928165752816,-100.33761592802361,356.9102181603131,4.513643866126518,-7.441945674474571e-15,84.68374983351816,4.99704853130447,0.20592503948517127,356.9102181603131,0
-6.303627389789526,106.72443995630364,-100.42081256651416,356.98284850386494,4.513661588037133,-6.691682280481085e-15,84.6840823271507,5.144060523367338,0.20570853829086083,356.98284850386494,0
-6.147649298028128,106.65388975580211,-100.506240457774,357.0575835321157,4.513679291304498,-8.349430784236283e-15,84.6844144710037,5.290917953009046,0.20549226470591986,357.0575835321157,0
-5.987270312433337,106.58115284406139,-100.59388253162807,357.1344210322856,4.513696975950516,-8.482519137427524e-15,84.68474626548812,5.437620982723077,0.20527621849336608,357.1344210322856,0
-5.822494391302492,106.50621570125008,-100.6837213099476,357.21335879392115,4.513714641996597,-8.582335402320956e-15,84.68507771100558,5.584169774833562,0.20506039941599175,357.21335879392115,0
-5.653325514017635,106.42906442043012,-100.77573890641251,357.29439460889273,4.513732289463743,-7.546974576365873e-15,84.68540880795014,5.730564491495149,0.20484480723645182,357.29439460889273,0
-5.479767684368801,106.34968471060785,-100.86991702623904,357.37752627139224,4.513749918372638,-1.0101123030775031e-14,84.6857395567099,5.876805294692937,0.2046294417173549,357.37752627139224,0
-5.301824933950426,106.26806189982672,-100.96623696587632,357.46275157793065,4.513767528743706,-7.575842273081273e-15,84.68606995766804,6.022892346242462,0.20441430262131638,357.46275157793065,0
-5.119501325632564,106.18418093830238,-101.06467961266983,357.5500683273355,4.513785120597164,-5.681881704810955e-15,84.68640001120383,6.168825807789723,0.20419938971101562,357.5500683273355,0
-4.9328009571043285,106.0980264016006,-101.1652254444963,357.6394743207486,4.5138026939530524,-6.481857327858529e-15,84.6867297176933,6.314605840811239,0.20398470274922673,357.6394743207486,0
-4.741727964490451,106.00958249385916,-101.2678545293687,357.73096736162347,4.513820248831277,-5.971616020519053e-15,84.68705907750989,6.460232606614126,0.20377024149885686,357.73096736162347,0
-4.546286526039983,105.91883305105289,-101.3725465250129,357.82454525572297,4.513837785251624,-5.588935040014446e-15,84.68738809102484,6.605706266336204,0.20355600572296367,357.82454525572297,0
-4.346480865885046,105.82576154430339,-101.47928067841838,357.9202058111169,4.513855303233788,-4.191701280010835e-15,84.68771675860765,6.751026980946114,0.20334199518478283,357.9202058111169,0
-4.1423152578724025,105.73035108323424,-101.58803582536184,358.0179468381795,4.513872802797379,-3.143775960008126e-15,84.68804508062625,6.896194911243442,0.20312820964773579,358.0179468381795,0
-3.933794029462683,105.63258441937069,-101.69879038990803,358.1177661495872,4.5138902839619455,-3.468054994631251e-15,84.68837305744738,7.041210217858866,0.20291464887544997,358.1177661495872,0
-3.7209215657015045,105.5324439495863,-101.8115223838848,358.219661560316,4.513907746746972,-3.711264270598594e-15,84.68870068943663,7.186073061254297,0.20270131263175856,358.219661560316,0
-3.5037023132574205,105.42991171959545,-101.92620940633805,358.3236308876391,4.513925191171898,-2.7834482029489457e-15,84.68902797695868,7.330783601723039,0.20248820068071716,358.3236308876391,0
-3.282140784528725,105.32496942749252,-102.0428286429638,358.42967195112465,4.513942617256116,-3.1978091768368657e-15,84.6893549203774,7.475341999389939,0.20227531278660354,358.42967195112465,0
-3.0562415618186636,105.21759842733982,-102.16135686552116,358.5377825726331,4.513960025018978,-3.508579907252806e-15,84.68968152005587,7.619748414211556,0.20206264871392454,358.5377825726331,0
-2.826009301576222,105.10777973280258,-102.28177043122636,358.647960576315,4.513977414479806,-4.851880979689918e-15,84.69000777635658,7.764003005976322,0.2018502082274219,358.647960576315,0
-2.5914487387044787,104.99549402083325,-102.40404528212876,358.7602037886084,4.513994785657887,-3.638910734767438e-15,84.69033368964139,7.908105934304713,0.20163799109207212,358.7602037886084,0
-2.3525646909335602,104.88072163540446,-102.52815694447091,358.8745100382366,4.514012138572476,-2.7291830510755785e-15,84.6906592602716,8.052057358649412,0.201425997073087,358.8745100382366,0
-2.1093620632590135,104.76344259129247,-102.65408052803348,358.9908771562058,4.514029473242806,-2.0468872883066837e-15,84.69098448860798,8.195857438295485,0.20121422593592062,358.9908771562058,0
-1.8618458524454908,104.64363657791066,-102.78179072546517,359.1093029758023,4.514046789688079,-1.535165466230013e-15,84.69130937501086,8.339506332360552,0.20100267744626704,359.1093029758023,0
-1.6100211515911438,104.52128296319329,-102.91126181160216,359.22978533259067,4.514064087927474,-2.261597124297666e-15,84.69163391984003,8.483004199794955,0.20079135137006032,359.22978533259067,0
-1.3538931547595021,104.39636079753274,-103.04246764277325,359.35232206441094,4.514081367980145,-1.6961978432232496e-15,84.69195812345488,8.626351199381933,0.20058024747347847,359.35232206441094,0
-1.0934671616695641,104.26884881776698,-103.1753816560974,359.4769110113764,4.514098629865226,-2.382371407042594e-15,84.69228198621438,8.769547489737798,0.20036936552294318,359.4769110113764,0
-0.8287485824498808,104.13872545122064,-103.30997686877076,359.6035500158711,4.514115873601827,-2.897001579907102e-15,84.69260550847704,8.912593229312106,0.200158705285118,359.6035500158711,0
-0.5597429424524655,104.00596881979918,-103.44622587734669,359.73223692254766,4.514133099209033,-2.1727511849303265e-15,84.692928690601,9.05548857638783,0.19994826652690953,359.73223692254766,0
-0.28645588712859515,103.87055674413797,-103.58410085700939,359.86296957832457,4.514150306705911,-2.7397864133229016e-15,84.69325153294393,9.198233689081537,0.19973804901546827,359.86296957832457,0
-0.008893186962160769,103.73246674780479,-103.72357356084265,359.9957458323841,4.514167496111508,-9.446167853670196e-16,84.6935740358632,9.340828725343558,0.19952805251819083,359.9957458323841,0
0.27293925753718873,103.59167606155789,-103.86461531909507,0.13056353616974548,4.514184667444845,-7.084625890252647e-16,84.69389619971567,9.483273842958166,0.19931827680271358,0.13056353616974548,0
0.5590354107818095,103.44816162766067,-104.0071970384425,0.26742054338390636,4.514201820724927,-1.641569966394105e-15,84.69421802485792,9.62556919954375,0.19910872163691856,0.26742054338390636,0
0.8493890969982344,103.30190010425184,-104.15128920125004,0.4063147099855424,4.514218955970736,-1.2311774747955786e-15,84.69453951164608,9.767714952552982,0.1988993867889313,0.4063147099855424,0
1.1439939950611862,103.15286786977325,-104.29686186483444,0.5472438941877584,4.5142360732012365,1.8683991852847258e-16,84.69486066043595,9.909711259273001,0.19869027202712247,0.5472438941877584,0
1.4428436332722092,103.00104102745559,-104.44388466072779,0.6902059564554474,4.514253172435367,-9.70093085728802e-16,84.69518147158287,10.051558276825581,0.19848137712010047,0.6902059564554474,0
1.7459313840830013,102.84639540986213,-104.59232679394509,0.8351987595029225,4.51427025369205,-7.275698142966015e-16,84.69550194544185,10.193256162167303,0.19827270183672,0.8351987595029225,0
2.0532504587642575,102.68890658349187,-104.74215704225614,0.982220168291553,4.51428731699019,5.645456639027056e-16,84.69582208236754,10.334805072089733,0.1980642459460817,0.982220168291553,0
2.3647939020208333,102.52854985344219,-104.89334375546304,1.1312680500274008,4.514304362348665,-1.7970368013232837e-15,84.69614188271416,10.476205163219591,0.1978560092175224,1.1312680500274008,0
2.680554586554032,102.36530026813193,-105.04585485468597,1.2823402741588612,4.514321389786338,-1.3477776009924628e-15,84.6964613468356,10.617456592018929,0.19764799142062595,1.2823402741588612,0
3.000525207571708,102.19913262408548,-105.19965783165718,1.4354347123743052,4.514338399322052,-3.23127924999466e-15,84.6967804750854,10.758559514785302,0.19744019232521803,1.4354347123743052,0
3.3246982772471148,102.03002147077825,-105.35471974802536,1.5905492385997242,4.514355390974627,-1.3132364128708383e-15,84.69709926781664,10.899514087651939,0.19723261170136294,1.5905492385997242,0
3.6530661191272036,101.85794111554505,-105.51100723467222,1.7476817289963782,4.514372364762866,3.4559647888474973e-15,84.6974177253821,11.040320466587914,0.19702524931937057,1.7476817289963782,0
3.9856208624912384,101.6828656285507,-105.66848649104193,1.9068300619584446,4.51438932070555,4.812419640885936e-15,84.69773584813414,11.18097880739833,0.19681810494978896,1.9068300619584446,0
4.3223544366606035,101.50476884782465,-105.82712328448527,2.0679921181106717,4.514406258821441,1.3888686814141391e-15,84.69805363642479,11.321489265724471,0.19661117836340936,2.0679921181106717,0
4.663258565260582,101.32362438435985,-105.9868829496204,2.2311657803060334,4.514423179129283,3.2620975603109172e-15,84.69837109060568,11.461851997043997,0.19640446933126415,2.2311657803060334,0
5.008324760434957,101.13940562727608,-106.14773038771104,2.3963489336233854,4.514440081647797,4.6670192194835004e-15,84.6986882110281,11.602067156671101,0.19619797762462496,2.3963489336233854,0
5.357544317014401,100.95208574904939,-106.30963006606375,2.5635394653651264,4.514456966395689,5.720710463862938e-15,84.69900499804294,11.742134899756683,0.19599170301500562,2.5635394653651264,0
5.710908306639452,100.76163771080711,-106.47254601744656,2.73273526505486,4.514473833391639,6.510978897147516e-15,84.69932145200073,11.882055381288527,0.19578564527415784,2.73273526505486,0
6.068407571839012,100.56803426769021,-106.6364418395292,2.903934224435059,4.514490682654313,7.10368022211095e-15,84.69963757325165,12.021828756091468,0.1955798041740759,2.903934224435059,0
6.430032720065249,100.37124797428244,-106.80128069434771,3.0771342374647324,4.514507514202354,7.548206215833525e-15,84.69995336214546,12.161455178827563,0.19537417948699132,3.0771342374647324,0
6.795774117685893,100.17125119010834,-106.96702530779422,3.252333200317096,4.514524328054386,7.881600711125456e-15,84.70026881903163,12.300934803996265,0.19516877098537688,3.252333200317096,0
7.16562188393478,99.96801608519888,-107.13363796913366,3.4295290113772436,4.514541124229015,9.241869607219562e-15,84.7005839442592,12.440267785934594,0.19496357844194376,3.4295290113772436,0
7.5395658848216724,99.76151464572754,-107.30108053054919,3.608719571239822,4.514557902744826,8.041625230039829e-15,84.70089873817686,12.579454278817304,0.19475860162964295,3.608719571239822,0
7.917595727002297,99.55171867971531,-107.46931440671759,3.789902782706707,4.514574663620386,7.141441947155028e-15,84.70121320113294,12.718494436657055,0.19455384032166334,3.789902782706707,0
8.29970075160958,99.33859982280688,-107.63830057441645,3.9730765507846852,4.514591406874239,7.576527509616583e-15,84.70152733347541,12.857388413304589,0.1943492942914322,3.9730765507846852,0
8.685870028047058,99.12212954411756,-107.8079995721646,4.158238782683133,4.514608132524913,5.682395632212438e-15,84.70184113555183,12.996136362448892,0.19414496331261408,4.158238782683133,0
9.076092347745586,98.90227915215215,-107.97837149989775,4.345387387811702,4.514624840590915,4.261796724159328e-15,84.70215460770947,13.134738437617367,0.19394084715911414,4.345387387811702,0
9.470356217884227,98.679019800796,-108.1493760186802,4.534520277778007,4.514641531090732,5.416793592369809e-15,84.70246775029517,13.273194792176005,0.19373694560507337,4.534520277778007,0
9.868649855076466,98.45232249537891,-108.32097235045536,4.725635366385314,4.514658204042835,7.393264268152827e-15,84.70278056365544,13.411505579329557,0.19353325842487096,4.725635366385314,0
10.270961179022803,98.22215809881261,-108.49311927783543,4.918730569630228,4.51467485946567,8.875617274990089e-15,84.7030930481364,13.549670952121698,0.19332978539312146,4.918730569630228,0
10.677277806130817,97.9884973378024,-108.66577514393317,5.113803805700397,4.514691497377668,6.656712956242567e-15,84.70340520408382,13.687691063435198,0.19312652628467977,5.113803805700397,0
11.087587043103754,97.75131080913279,-108.83889785223653,5.310852994972198,4.514708117797238,6.102757741807082e-15,84.70371703184313,13.825566065992096,0.1929234808746338,5.310852994972198,0
11.501875880498783,97.5105689860291,-109.01244486652787,5.50987606000844,4.514724720742774,4.5770683063553115e-15,84.70402853175936,13.963296112353863,0.19272064893831214,5.50987606000844,0
11.920130986256089,97.26624222459404,-109.18637321085014,5.710870925556068,4.5147413062326445,4.54302425439164e-15,84.70433970417719,14.100881354921572,0.192518030251275,5.710870925556068,0
12.342338699199916,97.01830077032089,-109.36063946952079,5.913835518543863,4.514757874285202,2.2970451661685738e-15,84.70465054944094,14.238321945936072,0.192315624589321,5.913835518543863,0
12.768485022512746,96.76671476468319,-109.53519978719594,6.118767768080146,4.514774424918781,3.943229923876743e-15,84.70496106789457,14.375618037478146,0.19211343172848588,6.118767768080146,0
13.1985556171838,96.51145425180172,-109.71000986898552,6.325665605450495,4.514790958151692,4.067645467532714e-15,84.70527125988166,14.51276978146869,0.19191145144503544,6.325665605450495,0
13.632535795433098,96.25248918518926,-109.88502498062236,6.534526964115447,4.514807474002232,3.0507341006495353e-15,84.70558112574545,14.649777329668872,0.19170968351547826,6.534526964115447,0
14.070410514112266,95.98978943457341,-110.06019994868568,6.745349779708215,4.514823972488677,3.3982736001123078e-15,84.70589066582883,14.786640833680313,0.19150812771655323,6.745349779708215,0
14.512164368083365,95.72332479279811,-110.23548916088147,6.958131990032406,4.51484045362928,4.769151249334544e-15,84.7061998804743,14.923360444945237,0.19130678382523364,6.958131990032406,0
14.957781583577022,95.45306498280434,-110.41084656638137,7.172871535059734,4.51485691744228,3.576863437000908e-15,84.70650877002402,15.059936314746652,0.1911056516187295,7.172871535059734,0
15.407246011531138,95.17897966469036,-110.58622567622147,7.3895663569277446,4.514873363945894,3.792870602375838e-15,84.70681733481976,15.196368594208513,0.190904730874483,7.3895663569277446,0
15.860541120911472,94.9010384428518,-110.76157956376326,7.608214399937537,4.514889793158318,6.1753220256573475e-15,84.70712557520297,15.33265743429589,0.1907040213701708,7.608214399937537,0
16.31764999201545,94.61921087320242,-110.93686086521785,7.828813610551489,4.514906205097734,5.741714543868167e-15,84.70743349151472,15.468802985815131,0.1905035228837055,7.828813610551489,0
16.778555309760545,94.33346647047534,-111.11202178023586,8.051361937390983,4.5149225997823015,7.636954981776595e-15,84.70774108409572,15.604805399414037,0.19030323519323017,8.051361937390983,0
17.243239356958625,94.04377471560574,-111.28701407256435,8.27585733123414,4.5149389772301625,6.837939260957603e-15,84.70804835328634,15.740664825582021,0.19010315807712422,8.27585733123414,0
17.711684007577578,93.75010506319478,-111.46178907077235,8.50229774501355,4.514955337459437,8.459123519593671e-15,84.70835529942659,15.876381414650279,0.18990329131399603,8.50229774501355,0
18.183870719991756,93.4524269490558,-111.63629766904758,8.730681133814004,4.5149716804882285,6.344342639695254e-15,84.70866192285607,16.01195531679195,0.18970363468268978,8.730681133814004,0
18.65978053022261,93.15070979784247,-111.81049032806509,8.961005454870238,4.5149880063346215,8.08892605364691e-15,84.7089682239141,16.147386682022297,0.18950418796228174,8.961005454870238,0
19.139394045170878,92.84492303075936,-111.98431707593022,9.193268667564665,4.5150043150166805,4.956471515610026e-15,84.7092742029396,16.282675660198855,0.18930495093207983,9.193268667564665,0
19.622691435842064,92.53503607335568,-112.15772750919776,9.427468733425123,4.515020606552452,4.827576661332676e-15,84.70957986027113,16.417822401021606,0.18910592337162443,9.427468733425123,0
20.10965243056642,92.22101836340201,-112.3306707939684,9.663603616122616,4.515036880959962,6.951351569874976e-15,84.70988519624694,16.552827054033145,0.18890710506068792,9.663603616122616,0
20.600256308215148,91.90283935884997,-112.50309566706508,9.901671281469064,4.51505313825722,7.433959726656545e-15,84.71019021120487,16.687689768618846,0.18870849577927373,9.901671281469064,0
21.09448189141432,91.5804685458762,-112.67495043729052,10.141669697415045,4.515069378462213,7.795915844242722e-15,84.71049490548242,16.822410694007022,0.18851009530761592,10.141669697415045,0
21.59230753975809,91.25387544700962,-112.84618298676769,10.383596834047557,4.5150856015929115,8.067382932432355e-15,84.71079927941673,16.956989979269093,0.18831190342617987,10.383596834047557,0
22.093711143022755,90.92302962934289,-113.01674077236564,10.627450663587764,4.515101807667269,6.050537199324266e-15,84.71110333334462,17.09142777331975,0.1881139199156647,10.627450663587764,0
22.598670114383378,90.58790071282782,-113.1865708272112,10.873229160388753,4.515117996703214,7.868571973368668e-15,84.71140706760252,17.22572422491713,0.18791614455699496,10.873229160388753,0
23.107161383634477,90.24845837865568,-113.35561976229016,11.120930300933297,4.515134168718664,8.121875029276814e-15,84.71171048252653,17.35987948266296,0.18771857713133017,11.120930300933297,0
23.619161390416615,89.90467237772113,-113.52383376813776,11.370552063831612,4.51515032373151,7.756740808895345e-15,84.71201357845236,17.493893695002743,0.1875212174200566,11.370552063831612,0
24.13464607745043,89.55651253917142,-113.69115861662186,11.622092429819121,4.515166461759632,6.3726671189840876e-15,84.71231635571542,17.627767010225906,0.187324065204794,11.622092429819121,0
24.653590883779906,89.20394877903989,-113.85753966281979,11.875549381754219,4.5151825828208825,6.4448348761758005e-15,84.71261881465071,17.76149957646597,0.1871271202673857,11.875549381754219,0
25.175970738026628,88.84695110896418,-114.02292184699077,12.130920904616044,4.515198686933103,6.498960694069585e-15,84.71292095559292,17.89509154170072,0.18693038238991164,12.130920904616044,0
25.701760051656734,88.48548964498929,-114.187249696646,12.388204985502245,4.515214774114111,7.649778082115081e-15,84.71322277887637,18.028543053752358,0.18673385135467468,12.388204985502245,0
26.230932712262373,88.11953461645531,-114.35046732871766,12.647399613626757,4.515230844381708,7.402668098524046e-15,84.71352428483506,18.161854260287676,0.18653752694421116,12.647399613626757,0
26.76346207685949,87.7490563749698,-114.51251845182927,12.908502780317567,4.515246897753678,7.217335610830768e-15,84.71382547380259,18.29502530881821,0.1863414089412843,12.908502780317567,0
27.299320965203794,87.3740254034649,-114.67334636866867,13.171512479014506,4.515262934247781,8.188559269685967e-15,84.71412634611222,18.428056346700412,0.18614549712888395,13.171512479014506,0
27.838481653126706,86.99441232533911,-114.83289397846582,13.436426705267017,4.515278953881764,6.141419452264475e-15,84.71442690209689,18.56094752113581,0.18594979129023087,13.436426705267017,0
28.38091586589331,86.61018791368346,-114.99110377957676,13.703243456731943,4.515294956673353,8.491845175386405e-15,84.71472714208917,18.693698979171167,0.18575429120877282,13.703243456731943,0
28.926594771583982,86.22132310059199,-115.14791787217594,13.97196073317131,4.515310942640254,8.589329930790117e-15,84.71502706642129,18.826310867698652,0.18555899666818432,13.97196073317131,0
29.475488974501882,85.82778898655661,-115.30327796105848,14.24257653645011,4.515326911800158,7.552220472717744e-15,84.7153266754251,18.958783333455994,0.18536390745236908,14.24257653645011,0
30.027568508608173,85.42955684994595,-115.45712535855412,14.515088870534097,4.515342864170734,7.884611403788621e-15,84.71562596943215,19.091116523026646,0.18516902334545615,14.515088870534097,0
30.582802830986886,85.02659815656789,-115.60940098755478,14.789495741487572,4.515358799769633,8.133904602091778e-15,84.71592494877359,19.223310582839954,0.18497434413180242,14.789495741487572,0
31.141160815341532,84.61888456931575,-115.76004538465727,15.06579515747118,4.515374718614487,5.545316939256255e-15,84.71622361378024,19.35536565917131,0.18477986959598952,15.06579515747118,0
31.702610745525554,84.20638795789776,-115.90899870342331,15.343985128739707,4.515390620722913,8.04476829063024e-15,84.71652196478261,19.487281898142317,0.1845855995228309,15.343985128739707,0
32.267120309108435,83.78908040864951,-116.05620071775796,15.624063667639872,4.515406506112507,9.919356804160728e-15,84.71682000211082,19.619059445720957,0.18439153369736158,15.624063667639872,0
32.834656590979854,83.36693423442908,-116.2015908254089,15.906028788608138,4.5154223748008455,9.659963652370859e-15,84.71711772609466,19.750698447721746,0.18419767190484337,15.906028788608138,0
33.40518606699383,82.93992198459408,-116.3451080515879,16.189878508168505,4.515438226805487,1.0020530300841035e-14,84.71741513706354,19.88219904980589,0.18400401393076368,16.189878508168505,0
33.97867459765501,82.50801645506132,-116.48669105271631,16.47561084493032,4.515454062143972,8.625620750255933e-15,84.71771223534657,20.013561397481464,0.18381055956083608,16.47561084493032,0
34.55508742184934,82.07119069844703,-116.62627812029639,16.763223819586084,4.515469880833824,8.689661611942262e-15,84.7180090212725,20.14478563610355,0.18361730858100106,16.763223819586084,0
35.134389150621196,81.62941803428858,-116.7638071849098,17.052715454909265,4.515485682892546,9.292803770519587e-15,84.71830549516972,20.275871910874415,0.1834242607774213,17.052715454909265,0
35.71654376099924,81.18267205934647,-116.89921582034569,17.344083775752104,4.515501468337623,9.745160389452582e-15,84.71860165736629,20.406820366843668,0.18323141593648573,17.344083775752104,0
36.30151458987331,80.73092665798609,-117.03244124785938,17.637326809043433,4.515517237186523,1.0639539365964906e-14,84.71889750818993,20.537631148908417,0.1830387738448077,17.637326809043433,0
36.88926432792454,80.27415601263907,-117.16342034056362,17.93244258378649,4.515532989456693,9.089877549098836e-15,84.71919304796798,20.66830440181343,0.1828463342892245,17.93244258378649,0
37.479755013610976,79.81233461434316,-117.29208962795411,18.229429131056737,4.515548725165565,8.482742698761861e-15,84.71948827702748,20.798840270151295,0.18265409705679914,18.229429131056737,0
38.07294802721103,79.34543727335996,-117.41838530057096,18.528284483999688,4.515564444330549,8.02739156100913e-15,84.7197831956951,20.929238898362588,0.18246206193481537,18.528284483999688,0
38.66880408492716,78.87343912987049,-117.54224321479764,18.829006677828726,4.5155801469690395,6.575655183069426e-15,84.72007780429718,21.059500430736016,0.1822702287107839,18.829006677828726,0
39.26728323305216,78.39631566474691,-117.66359889779908,19.131593749822937,4.515595833098412,8.26241046117754e-15,84.72037210315969,21.189625011408594,0.18207859717243666,19.131593749822937,0
39.86834484220018,77.91404271040044,-117.7823875526006,19.436043739324923,4.515611502736022,7.86214238282089e-15,84.7206660926083,21.319612784365795,0.1818871671077292,19.436043739324923,0
40.471947601605336,77.42659646170405,-117.89854406330936,19.742354687738644,4.51562715589921,8.11705283636598e-15,84.7209597729683,21.449463893441713,0.1816959383048406,19.742354687738644,0
41.078049513490015,76.93395348698964,-118.01200300047962,20.050524638527254,4.515642792605297,8.863347188837376e-15,84.72125314456467,21.579178482319218,0.18150491055217305,20.050524638527254,0
41.68660788750541,76.43609073911836,-118.12269862662373,20.360551637210925,4.515658412871583,1.1643514002441237e-14,84.72154620772201,21.70875669453012,0.1813140836383498,20.360551637210925,0
42.29757933524681,75.93298556662339,-118.23056490187018,20.67243373136469,4.515674016715354,1.2618416088018975e-14,84.72183896276462,21.838198673455324,0.1811234573522169,20.67243373136469,0
42.910919764846284,75.42461572492421,-118.33553548977048,20.98616897061629,4.515689604153875,1.4459815676827436e-14,84.72213141001643,21.967504562324986,0.18093303148284273,20.98616897061629,0
43.526584375644866,74.91095938761117,-118.43754376325604,21.301755406644,4.515705175204396,1.5008198099964915e-14,84.72242354980105,22.096674504218687,0.18074280581951874,21.301755406644,0
44.14452765294746,74.39199515779963,-118.53652281074707,21.619191093174482,4.515720729884143,1.6529707941943178e-14,84.72271538244172,22.22570864206557,0.18055278015175288,21.619191093174482,0
44.76470336286227,73.86770207955216,-118.6324054424144,21.938474085980637,4.515736268210331,1.7670840323426877e-14,84.72300690826137,22.35460711864451,0.18036295426928106,21.938474085980637,0
45.38706454722817,73.33805964936808,-118.72512419659621,22.25960244287944,4.515751790200151,1.6861355072601917e-14,84.72329812758258,22.483370076584272,0.1801733279620561,22.25960244287944,0
46.01156351863192,72.80304782773894,-118.81461134637082,22.582574223729807,4.515767295870781,1.6254241134483196e-14,84.72358904072759,22.61199765836367,0.17998390102025288,22.582574223729807,0
46.63815185551834,72.26264705076872,-118.90079890628705,22.907387490430434,4.5157827852393755,1.746424021783189e-14,84.7238796480183,22.740490006311713,0.17979467323426626,22.907387490430434,0
47.26678039739596,71.71683824185752,-118.98361863925345,23.234040306917663,4.515798258323074,1.7539072261874545e-14,84.72416994977625,22.868847262607776,0.17960564439471086,23.234040306917663,0
47.89739924014086,71.1656028234474,-119.06300206358824,23.56253073916333,4.515813715139,1.7872752051062825e-14,84.72445994632271,22.997069569281752,0.1794168142924244,23.56253073916333,0
48.52995773140127,70.60892272882917,-119.13888046023042,23.892856855172624,4.515829155704256,1.89556791614229e-14,84.72474963797853,23.12515706821421,0.17922818271846203,23.892856855172624,0
49.164404466106056,70.0467804140084,-119.21118488011444,24.225016724981973,4.515844580035926,1.7269872688786357e-14,84.72503902506429,23.253109901136554,0.1790397494640988,24.225016724981973,0
49.80068728207932,69.47915886962957,-119.27984615170888,24.559008420656877,4.515859988151079,1.6005517834308948e-14,84.72532810790017,23.380928209631172,0.17885151432082944,24.559008420656877,0
50.43875325576434,68.90604163295664,-119.34479488872095,24.89483001628979,4.515875380066762,1.47796959372946e-14,84.72561688680605,23.5086121351316,0.17866347708036714,24.89483001628979,0
51.078548698059436,68.32741279990856,-119.40596149796795,25.232479587997993,4.51589075580001,1.3582773758377553e-14,84.7259053621015,23.636161818922677,0.17847563753464696,25.232479587997993,0
51.720019150268605,67.74325703714796,-119.46327618741655,25.57195521392145,4.515906115367834,1.2962637880346055e-14,84.7261935341057,23.7635774021407,0.1782879954758192,25.57195521392145,0
52.36310938016977,67.15355959422186,-119.51666897439162,25.913254974220695,4.51592145878723,1.2497535971822433e-14,84.72648140313753,23.890859025773583,0.1781005506962547,25.913254974220695,0
53.007763378203485,66.55830631575219,-119.56606969395567,26.25637695107471,4.5159367860751765,1.3258932565054872e-14,84.7267689695155,24.01800683066101,0.17791330298854174,26.25637695107471,0
53.65392435378511,65.95748365367456,-119.61140800745963,26.601319228678786,4.515952097248633,1.3829980009979202e-14,84.72705623355783,24.145020957494594,0.17772625214548676,26.601319228678786,0
54.30153473174311,65.35107867952351,-119.65261341126664,26.948079893242422,4.515967392324541,1.5090932862141317e-14,84.72734319558238,24.27190154681802,0.17753939796011414,26.948079893242422,0
54.9505361488865,64.7390790967629,-119.68961524564938,27.296657032987195,4.515982671319826,1.60366475012629e-14,84.72762985590667,24.39864873902723,0.17735274022566677,27.296657032987195,0
55.60086945070449,64.12147325315811,-119.72234270386257,27.647048738144647,4.515997934251393,1.6607155602525947e-14,84.72791621484791,24.52526267437054,0.17716627873560312,27.647048738144647,0
56.25247468820103,63.4982501531901,-119.7507248413911,27.999253100954174,4.516013181136134,1.7035036678473232e-14,84.72820227272295,24.651743492948828,0.17698001328360158,27.999253100954174,0
56.90529111486752,62.86939947050771,-119.7746905853752,28.35326821566092,4.5160284119909155,1.6384502338886683e-14,84.72848802984832,24.77809133471567,0.176793943663553,28.35326821566092,0
57.55925718379625,62.23491156041694,-119.79416874421315,28.70909217851365,4.516043626832594,1.6590490974587495e-14,84.72877348654022,24.904306339477497,0.17660806966956924,28.70909217851365,0
58.21431054493799,61.59477747240504,-119.80908801734302,29.066723087762668,4.516058825678003,1.6189870939050523e-14,84.72905864311451,25.030388646893762,0.1764223910959769,29.066723087762668,0
58.87038804250646,60.948988962697214,-119.81937700520366,29.426159043657695,4.5160740085439635,1.6548600833268983e-14,84.72934349988674,25.156338396477082,0.17623690773731965,29.426159043657695,0
59.527425712532825,60.29753850684341,-119.8249642193762,29.787398148445774,4.516089175447271,1.7268676357686798e-14,84.72962805717206,25.282155727593395,0.1760516193883534,29.787398148445774,0
60.18535878057313,59.64041931233374,-119.82577809290686,30.15043850636917,4.516104326404712,1.8398538982832273e-14,84.72991231528539,25.407840779462113,0.17586652584405615,30.15043850636917,0
60.844121659571876,58.977625331239516,-119.82174699081138,30.515278223663266,4.516119461433049,1.7944893344708774e-14,84.73019627454126,25.53339369115628,0.17568162689961675,30.515278223663266,0
61.50364794788472,58.3091512728776,-119.81279922076233,30.88191540855448,4.51613458054903,2.0015924747723912e-14,84.73047993525385,25.65881460160273,0.17549692235044106,30.88191540855448,0
62.163870427463216,57.634992616496476,-119.79886304395968,31.250348171258157,4.5161496837693855,2.025080845824289e-14,84.73076329773707,25.784103649582228,0.17531241199214995,31.250348171258157,0
62.82472106220503,56.9551456239802,-119.77986668618522,31.620574623976488,4.516164771110827,1.955960950314372e-14,84.73104636230444,25.90926097372963,0.17512809562057885,31.620574623976488,0
63.48613099647238,56.2696073525691,-119.75573834904145,31.992592880896417,4.516179842590048,1.924937710393656e-14,84.73132912926918,26.034286712534044,0.1749439730317778,31.992592880896417,0
64.1480305537819,55.57837566759386,-119.72640622137574,32.366401058187556,4.516194898223725,2.144531567089872e-14,84.73161159894418,26.15918100433897,0.17476004402201095,32.366401058187556,0
64.81034923566922,54.88144925522046,-119.69179849088967,32.741997274000106,4.51620993802852,2.1773879754377965e-14,84.73189377164202,26.283943987342457,0.17457630838775826,32.741997274000106,0
65.473015720731,54.17882763520365,-119.65184335593459,33.11937964846276,4.516224962021073,2.1881524938909255e-14,84.73217564767491,26.40857579959727,0.17439276592571246,33.11937964846276,0
66.13595786384789,53.4705111736456,-119.60646903749345,33.498546303680634,4.516239970218007,2.0158146412291843e-14,84.73245722735473,26.533076579011016,0.17420941643277804,33.498546303680634,0
66.79910269559146,52.75650109575794,-119.55560379134938,33.879495363733184,4.516254962635932,1.997583554195394e-14,84.73273851099309,26.65744646334632,0.17402625970607802,33.879495363733184,0
67.46237642181804,52.036799498623154,-119.49917592044115,34.26222495467214,4.516269939291434,1.7202322705715768e-14,84.7330194989012,26.78168559022097,0.17384329554294314,34.26222495467214,0
68.12570442345287,51.311409363953274,-119.43711378740612,34.64673320451943,4.516284900201088,1.845285715241261e-14,84.73330019139001,26.905794097108064,0.17366052374092128,34.64673320451943,0
68.7890112564674,50.5803345708429,-119.36934582731028,35.03301824326508,4.516299845381448,1.939075798743524e-14,84.73358058877012,27.02977212133617,0.17347794409777287,35.03301824326508,0
69.45222065205331,49.84357990851302,-119.29580056056629,35.421078202865196,4.516314774849049,1.870640483292077e-14,84.73386069135177,27.15361980008947,0.1732955564114679,35.421078202865196,0
70.11525551699593,49.101151089042894,-119.21640660603877,35.810911217239855,4.516329688620414,1.9858474503972647e-14,84.7341404994449,27.27733727040792,0.173113360480192,35.810911217239855,0
70.77803793425056,48.35305476008721,-119.13109269433771,36.202515422271055,4.516344586712043,1.905719222032382e-14,84.73442001335916,27.400924669187397,0.17293135610234073,36.202515422271055,0
71.44048916372448,47.59929851757466,-119.03978768129913,36.59588895580066,4.516359469140421,1.7068451726805757e-14,84.73469923340377,27.52438213317985,0.17274954307652304,36.59588895580066,0
72.1025296432685,46.83989091838533,-118.94242056165379,36.99102995762832,4.516374335922017,1.7242230893604944e-14,84.73497815988775,27.64770979899345,0.17256792120155917,36.99102995762832,0
72.76407898987992,46.07484149300308,-118.83892048288295,37.38793656950944,4.51638918707328,1.82052325371732e-14,84.7352567931197,27.77090780309275,0.1723864902764795,37.38793656950944,0
73.42505600112165,45.304160758140284,-118.72921675926189,37.786606935153095,4.516404022610645,2.1703041331412287e-14,84.73553513340798,27.893976281798825,0.17220525010053062,37.786606935153095,0
74.08537865675909,44.52786022933069,-118.61323888608976,38.18703920021999,4.516418842550527,2.2661063390153863e-14,84.73581318106054,28.01691537128943,0.1720242004731634,38.18703920021999,0
74.74496412061907,43.74595243348787,-118.49091655410693,38.58923151232042,4.516433646909323,2.4767358714991494e-14,84.73609093638504,28.139725207599145,0.1718433411940427,38.58923151232042,0
75.40372874267342,42.95845092142467,-118.36217966409808,38.99318202101219,4.516448435703415,2.3849078403213115e-14,84.73636839968884,28.262405926619532,0.17166267206304517,38.99318202101219,0
76.06158806135014,42.165370280331395,-118.22695834168151,39.39888887779859,4.51646320894917,2.3993035437848196e-14,84.73664557127898,28.384957664099282,0.17148219288025826,39.39888887779859,0
76.71845680607572,41.36672614620784,-118.08518295228352,39.806350236126356,4.516477966662932,2.2990780189199352e-14,84.73692245146214,28.507380555644367,0.17130190344597637,39.806350236126356,0
77.3742489000515,40.562535216246594,-117.93678411629806,40.215564251383604,4.516492708861031,2.2794200265025297e-14,84.73719904054467,28.629674736718183,0.17112180356070505,40.215564251383604,0
78.0288774632671,39.752815261163136,-117.7816927244302,40.626529080897804,4.516507435559779,2.2646765321894754e-14,84.73747533883262,28.751840342641707,0.1709418930251608,40.626529080897804,0
78.68225481575404,38.93758513746933,-117.61983995322328,41.03924288393374,4.516522146775473,2.2536189114546847e-14,84.73775134663175,28.873877508593647,0.17076217164026897,41.03924288393374,0
79.33429248108263,38.116864799686184,-117.4511572807688,41.45370382169146,4.51653684252439,2.0232810909785606e-14,84.73802706424746,28.995786369610588,0.17058263920716452,41.45370382169146,0
79.98490119010528,37.290675312492766,-117.27557650259799,41.86991005730427,4.516551522822791,2.1835946330090142e-14,84.73830249198483,29.11756706058714,0.17040329552718994,41.86991005730427,0
80.63399088494904,36.45903886280569,-117.09302974775468,42.28785975583666,4.516566187686922,2.0817851846068232e-14,84.73857763014863,29.239219716276104,0.17022414040190031,42.28785975583666,0
81.28147072326048,35.62197877178763,-116.9034494950481,42.70755108428231,4.516580837133008,2.2274727032302113e-14,84.7388524790433,29.360744471288587,0.17004517363305433,42.70755108428231,0
81.92724908270617,34.779519506778215,-116.70676858948435,43.128982211562054,4.51659547117726,2.447760644660268e-14,84.73912703897297,29.482141460094187,0.16986639502262357,43.128982211562054,0
82.57123356573128,33.93168669314527,-116.50292025887649,43.55215130852184,4.516610089835869,2.390931995807779e-14,84.73940131024145,29.603410817021118,0.1696878043727846,43.55215130852184,0
83.2133310045795,33.07850712605085,-116.2918381306303,43.97705654793072,4.516624693125014,2.237288206705897e-14,84.73967529315223,29.72455267625637,0.1695094014859238,43.97705654793072,0
83.85344746657739,32.22000878212889,-116.07345624870621,44.40369610447882,4.5166392810608516,2.1220553648794854e-14,84.73994898800846,29.845567171845854,0.16933118616463544,44.40369610447882,0
84.49148825968581,31.356220831069336,-115.84770909075513,44.832068154775314,4.516653853659523,2.1466530359721922e-14,84.74022239511301,29.96645443769455,0.16915315821171883,44.832068154775314,0
85.12735793832124,30.487173647105475,-115.61453158542668,45.26217087734643,4.5166684109371555,2.0540789868292067e-14,84.7404955147684,30.08721460756666,0.1689753174301842,45.26217087734643,0
85.7609603094504,29.612898820398556,-115.37385912984892,45.694002452633406,4.516682952909855,2.2622042061282565e-14,84.74076834727684,30.207847815085742,0.16879766362324636,45.694002452633406,0
86.39219843896016,28.733429168317304,-115.12562760727744,46.12756106299051,4.516697479593714,2.1962535156775127e-14,84.74104089294022,30.328354193734874,0.16862019659432792,46.12756106299051,0
87.02097465830663,27.848798746605944,-114.86977340491254,46.56284489268298,4.516711991004805,2.091279346608197e-14,84.74131315206013,30.4487338768568,0.16844291614705822,46.56284489268298,0
87.64719057144497,26.959042860437556,-114.60623343188253,46.99985212788508,4.516726487159186,2.1790821734999838e-14,84.74158512493783,30.56898699765406,0.1682658220852722,46.99985212788508,0
88.27074706204378,26.064198075347765,-114.33494513739153,47.438580956678024,4.516740968072898,2.244934293668824e-14,84.74185681187426,30.689113689189163,0.16808891421301278,47.438580956678024,0
88.891544300986,25.164302228043674,-114.05584652902965,47.87902956904802,4.516755433761963,1.961256476407907e-14,84.74212821317003,30.809114084384714,0.1679121923345272,47.87902956904802,0
89.50948175415976,24.25939443708428,-113.76887619124402,48.321196156884255,4.516769884242389,2.0260538696185086e-14,84.74239932912549,30.92898831602357,0.16773565625426926,48.321196156884255,0
90.12445819054079,23.34951511342708,-113.47397330396787,48.765078913976886,4.5167843195301645,1.963629612063944e-14,84.7426701600406,31.04873651674899,0.16755930577689837,48.765078913976886,0
90.73637169057018,22.434705970836195,-113.17107766140633,49.21067603601504,4.5167987396412626,2.0278337213605364e-14,84.74294070621505,31.168358819064764,0.16738314070727833,49.21067603601504,0
91.34511965482896,21.515010036147366,-112.86012969097631,49.657985720584826,4.51681314459164,1.8539421984079492e-14,84.74321096794822,31.28785535533539,0.16720716085047987,49.657985720584826,0
91.95059881301316,20.59047165938482,-112.54107047239792,50.10700616716734,4.516827534397236,1.9455681611185402e-14,84.74348094553913,31.4072262577862,0.16703136601177754,50.10700616716734,0
92.55270523321052,19.66113652372525,-112.21384175693572,50.557735577136675,4.516841909073972,2.2363322380765148e-14,84.74375063928653,31.526471658503496,0.16685575599664973,50.557735577136675,0
93.15133433148274,18.72705165530391,-111.8783859867866,51.01017215375792,4.516856268637756,2.1213383884074487e-14,84.74402004948885,31.64559168943472,0.16668033061078266,51.01017215375792,0
93.74638088175436,17.788265432857813,-111.53464631461215,51.46431410218518,4.516870613104476,2.1461153036181646e-14,84.7442891764442,31.764586482388594,0.16650508966006236,51.46431410218518,0
94.33773902601155,16.844827597201224,-111.18256662321274,51.92015962945958,4.516884942490004,2.2757202924887174e-14,84.74455802045036,31.883456169035252,0.1663300329505831,51.92015962945958,0
94.92530228481264,15.896789260527909,-110.82209154534048,52.37770694450732,4.516899256810197,2.372924034141632e-14,84.74482658180482,32.0022008809064,0.1661551602886394,52.37770694450732,0
95.50896356811285,14.944202915535678,-110.45316648364849,52.83695425813762,4.516913556080893,2.2237822354562864e-14,84.74509486080474,32.12082074939546,0.16598047148073264,52.83695425813762,0
96.0886151864053,13.987122444367783,-110.07573763077305,53.297899783040805,4.516927840317914,2.4449927938298244e-14,84.74536285774698,32.239315905757714,0.16580596633356395,53.297899783040805,0
96.66414886218062,13.025603127365654,-109.68975198954624,53.76054173378631,4.516942109537068,2.4998784101474623e-14,84.74563057292809,32.35768648111043,0.1656316446540428,53.76054173378631,0
97.23545574170707,12.059701651628206,-109.29515739333524,54.22487832682069,4.516956363754142,2.5410426223856906e-14,84.74589800664431,32.47593260643304,0.16545750624927685,54.22487832682069,0
97.80242640713323,11.089476119372717,-108.89190252650589,54.690907780465665,4.516970602984909,2.571915781564362e-14,84.74616515919153,32.594054412567274,0.1652835509265782,54.690907780465665,0
98.36495088891547,10.114986056091118,-108.47993694500653,55.15862831491612,4.516984827245126,2.4840483484858496e-14,84.74643203086539,32.712052030217286,0.16510977849346295,55.15862831491612,0
98.92291867857196,9.136292418496945,-108.05921109706891,55.62803815223818,4.516999036550531,2.4181477736769655e-14,84.74669862196117,32.82992558994982,0.16493618875764748,55.62803815223818,0
99.47621874176492,8.153457602258039,-107.62967634402294,56.099135516367205,4.517013230916848,2.5907669474953338e-14,84.74696493277388,32.947675222194356,0.16476278152705176,56.099135516367205,0
100.0247395317132,7.166545449508259,-107.19128498122141,56.57191863310583,4.517027410359782,2.609209025396594e-14,84.74723096359817,33.06530105724323,0.16458955660979652,56.57191863310583,0
100.56836900293683,6.175621256134141,-106.74399025907096,57.04638573012202,4.517041574895025,2.6230405838225396e-14,84.74749671472843,33.1828032252518,0.16441651381420563,57.04638573012202,0
101.10699462533515,5.180751778830758,-106.28774640416584,57.5225350369471,4.517055724538249,2.522391950179483e-14,84.7477621864587,33.300181856238595,0.16424365294880405,57.5225350369471,0
101.64050339860007,4.1820052419203195,-105.82250864052034,58.00036478497378,4.517069859305111,2.557927777409706e-14,84.74802737908276,33.41743708008542,0.16407097382231683,58.00036478497378,0
102.16878186696623,3.179451343929442,-105.34823321089564,58.47987320745423,4.517083979211251,2.5845796478323732e-14,84.74829229289402,33.53456902653756,0.16389847624367143,58.47987320745423,0
102.69171613429924,2.1731612639186757,-104.86487739821789,58.961058539498104,4.517098084272294,2.6045685506493736e-14,84.74855692818562,33.65157782520387,0.16372616002199583,58.961058539498104,0
103.20919187952349,1.1632076675587677,-104.37239954708222,59.443919018070574,4.517112174503846,2.5085379252996085e-14,84.7488212852504,33.76846360555695,0.16355402496661814,59.443919018070574,0
103.72109437239097,0.14966471294843897,-103.87075908533937,59.92845288199041,4.517126249921501,2.5475372587498002e-14,84.74908536438087,33.88522649693327,0.1633820708870692,59.92845288199041,0
104.22730848959212,-0.8673919438322483,-103.35991654575983,60.41465837192801,4.51714031054083,2.3547421539124126e-14,84.74934916586923,34.00186662853332,0.16321029759307606,60.41465837192801,0
104.72771873120988,-1.887885143438181,-102.83983358777164,60.90253373040347,4.517154356377394,2.4321904302094033e-14,84.7496126900074,34.11838412942176,0.16303870489456973,60.90253373040347,0
105.22220923751831,-2.9117362182514634,-102.31047301926685,61.392077201784616,4.517168387446735,2.7123212423571777e-14,84.74987593708695,34.23477912852756,0.1628672926016797,61.392077201784616,0
105.71066380612626,-3.9388649876541555,-101.77179881847206,61.88328703228509,4.517182403764376,2.811397049005493e-14,84.75013890739918,34.35105175464414,0.16269606052473182,61.88328703228509,0
106.19296590946743,-4.969189753588952,-101.22377615587845,62.376161469962376,4.517196405345828,2.7746816015292136e-14,84.75040160123505,34.46720213642949,0.162525008474257,62.376161469962376,0
106.66899871263765,-6.0026272964113385,-100.66637141622628,62.87069876471589,4.517210392206586,2.747145015922004e-14,84.75066401888529,34.583230402406365,0.1623541362609831,62.87069876471589,0
107.1386450915793,-7.039092871040579,-100.09955222053868,63.36689716828503,4.517224364362123,2.5044479717915654e-14,84.75092616064022,34.69913668096237,0.16218344369583454,63.36689716828503,0
107.60178765161498,-8.078500203414771,-99.52328744820018,63.864754934247244,4.517238321827903,2.433447491156252e-14,84.75118802678992,34.81492110035015,0.16201293058993838,63.864754934247244,0
108.05830874632959,-9.12076148725521,-98.93754725907434,64.36427031801611,4.517252264619367,2.158152525754736e-14,84.75144961762416,34.930583788687485,0.16184259675461699,64.36427031801611,0
108.50809049680181,-10.165787381146385,-98.34230311565538,64.86544157683937,4.517266192751946,2.284748209091146e-14,84.75171093343239,35.04612487395749,0.16167244200139397,64.86544157683937,0
108.95101481118566,-11.21348700593726,-97.73752780524835,65.36826696979705,4.51728010624105,2.157650366668422e-14,84.75197197450376,35.161544484008694,0.1615024661419887,65.36826696979705,0
109.38696340464175,-12.263767942469146,-97.12319546217255,65.87274475779948,4.517294005102075,2.1733492873138947e-14,84.75223274112712,35.27684274655523,0.16133266898831958,65.87274475779948,0
109.81581781961894,-13.31653622963651,-96.49928158998237,66.37887320358544,4.517307889350401,2.0741011753354837e-14,84.75249323359101,35.392019789176956,0.16116305035250383,66.37887320358544,0
110.23745944648608,-14.371696362785901,-95.8657630837001,66.88665057172015,4.51732175900139,1.9996650913516753e-14,84.75275345218367,35.50707573931958,0.16099361004685292,66.88665057172015,0
110.65176954451394,-15.429151292459254,-95.2226182520546,67.39607512859344,4.517335614070388,1.7217934234387877e-14,84.75301339719303,35.622010724294846,0.16082434788387834,67.39607512859344,0
111.05862926320731,-16.488802423486852,-94.56982683972039,67.90714514241773,4.517349454572729,1.6244119749666378e-14,84.75327306890674,35.73682487128062,0.16065526367628893,67.90714514241773,0
111.45791966398671,-17.550549614435987,-93.90737004955068,68.41985888322624,4.517363280523726,2.1064874009251035e-14,84.75353246761212,35.85151830732107,0.1604863572369888,68.41985888322624,0
111.84952174221948,-18.614291177420704,-93.23523056479874,68.93421462287095,4.517377091938678,2.134977063006406e-14,84.7537915935962,35.96609115932681,0.16031762837908065,68.93421462287095,0
112.2333164496,-19.679923878278956,-92.55339257132103,69.45021063502078,4.5173908888328675,2.1563443095673827e-14,84.75405044714573,36.080543554075,0.16014907691586194,69.45021063502078,0
112.609184716878,-20.74734293712217,-91.86184177975579,69.96784519515964,4.517404671221561,2.0613474420255997e-14,84.75430902854711,36.19487561820953,0.15998070266082656,69.96784519515964,0
112.97700747693457,-21.816442029263193,-91.16056544767133,70.4871165805845,4.517418439120009,1.8790774889067468e-14,84.75456733808647,36.30908747824113,0.15981250542766545,70.4871165805845,0
113.33666568820522,-22.887113286528727,-90.44955240167643,71.00802307040354,4.5174321925434455,1.742375024067607e-14,84.75482537604964,36.423179260547535,0.15964448503026452,71.00802307040354,0
113.68804035844825,-23.959247298960822,-89.7287930594874,71.5305629455342,4.5174459315070905,1.7508704779007678e-14,84.75508314272214,36.537151091373595,0.15947664128270722,71.5305629455342,0
114.0310125688585,-25.032733116914233,-88.99827945194419,72.05473448870131,4.517459656026145,1.7572420682756385e-14,84.75534063838921,36.651003096831445,0.1593089739992698,72.05473448870131,0
114.3654634985243,-26.107458253554817,-88.2580052449694,72.58053598443516,4.517473366115795,1.53997615613176e-14,84.75559786333575,36.76473540290062,0.1591414829944246,72.58053598443516,0
114.69127444922702,-27.18330868776389,-87.50796576146305,73.10796571906961,4.517487061791213,1.3770267220238514e-14,84.7558548178464,36.87834813542821,0.15897416808284087,73.10796571906961,0
115.00832687058131,-28.260168867455402,-86.74815800312587,73.63702198074022,4.5175007430675524,1.3658369489054355e-14,84.75611150220548,36.991841420129006,0.1588070290793808,73.63702198074022,0
115.31650238551471,-29.337921713310084,-85.97858067220457,74.1677030593823,4.517514409959951,1.579489223991655e-14,84.75636791669702,37.105215382585605,0.15864006579910037,74.1677030593823,0
115.61568281608496,-30.41644862293344,-85.19923419315147,74.7000072467291,4.517528062483533,1.7397284303063194e-14,84.75662406160474,37.21847014824859,0.15847327805725342,74.7000072467291,0
115.9057502096331,-31.49562947544157,-84.41012073419148,75.23393283630983,4.517541700653403,1.748885532579802e-14,84.75687993721208,37.331605842436645,0.1583066656692844,75.23393283630983,0
116.18658686527036,-32.57534263648154,-83.61124422878878,75.76947812344784,4.517555324484656,1.86677566174743e-14,84.75713554380216,37.444622590336685,0.15814022845083525,75.76947812344784,0
116.45807536069705,-33.65546496369099,-82.80261039700602,76.30664140525869,4.517568933992362,1.7331486536981194e-14,84.75739088165783,37.55752051700403,0.1579739662177372,76.30664140525869,0
116.72009857935079,-34.73587181260234,-81.9842267667484,76.8454209806483,4.517582529191584,1.5219060951986207e-14,84.75764595106162,37.67029974736251,0.15780787878601937,76.8454209806483,0
116.972539737882,-35.81643704299714,-81.15610269488482,77.38581515031105,4.517596110097364,1.585518781249028e-14,84.75790075229577,37.78296040620463,0.15764196597190325,77.38581515031105,0
117.21528241395433,-36.89703302571571,-80.31824938823857,77.92782221672789,4.51760967672473,1.4111836908618024e-14,84.7581552856422,37.89550261819167,0.15747622759180163,77.92782221672789,0
117.44821057436685,-37.9775306499272,-79.4706799244396,78.47144048416449,4.5176232290886915,1.2804323730713831e-14,84.75840955138258,38.00792650785386,0.15731066346232103,78.47144048416449,0
117.67120860349588,-39.05779933086524,-78.61340927263058,79.01666825866933,4.517636767204248,1.5154357921161157e-14,84.75866354979827,38.1202321995905,0.15714527340026407,79.01666825866933,0
117.8841613320529,-40.13770701803429,-77.74645431401856,79.56350384807183,4.517650291086378,1.2475991465496024e-14,84.75891728117031,38.2324198176701,0.15698005722262137,79.56350384807183,0
118.08695406615598,-41.217120203891916,-76.86983386226402,80.11194556198053,4.517663800750045,1.3797885697622644e-14,84.75917074577944,38.34448948623053,0.1568150147465775,80.11194556198053,0
118.27947261671132,-42.29590393301132,-75.98356868369996,80.66199171178116,4.5176772962101985,1.1458637297842139e-14,84.75942394390616,38.45644132927913,0.15665014578951073,80.66199171178116,0
118.46160332910145,-43.373921811730106,-75.08768151737128,81.21364061063476,4.517690777481771,1.303487007188223e-14,84.7596768758306,38.56827547069288,0.15648545016898924,81.21364061063476,0
118.6332331131767,-44.45103601828891,-74.18219709488777,81.76689057347588,4.517704244579682,1.3106821627787141e-14,84.75992954183268,38.679992034218515,0.1563209277027755,81.76689057347588,0
118.7942494735463,-45.52710731346553,-73.26714216008077,82.32173991701067,4.5177176975188305,1.538123134396614e-14,84.76018194219195,38.79159114347266,0.1561565782088205,82.32173991701067,0
118.94454054016516,-46.601995051709046,-72.34254548845607,82.87818695971505,4.517731136314104,1.3756369557224917e-14,84.7604340771877,38.90307292194198,0.15599240150526994,82.87818695971505,0
119.08399509921247,-47.675557192778236,-71.40843790643419,83.43623002183278,4.517744560980373,9.207054143293532e-15,84.76068594709892,39.014437492983305,0.15582839741045768,83.43623002183278,0
119.2125026242581,-48.74765031388946,-70.46485231036857,83.99586742537369,4.5177579715324905,9.125736656720461e-15,84.76093755220433,39.125684979823795,0.15566456574291,83.99586742537369,0
119.329953307712,-49.818129622377384,-69.51182368533453,84.55709749411174,4.517771367985296,7.954525517165502e-15,84.7611888927823,39.236815505561026,0.15550090632134358,84.55709749411174,0
119.43623809255318,-50.88684896887468,-68.54938912367845,85.11991855358325,4.517784750353615,4.85567111324897e-15,84.76143996911097,39.34782919316317,0.15533741896466716,85.11991855358325,0
119.53124870433241,-51.95366086101303,-67.5775878433193,85.68432893108496,4.5177981186522524,8.082645433437353e-15,84.76169078146815,39.458726165469116,0.15517410349197758,85.68432893108496,0
119.61487768344476,-53.01841647765095,-66.59646120579376,86.25032695567226,4.517811472896002,7.172207099703172e-15,84.76194133013138,39.569506545188595,0.15501095972256335,86.25032695567226,0
119.68701841766702,-54.08096568363212,-65.6060527340348,86.81791095815728,4.517824813099642,8.709824398652848e-15,84.7621916153779,39.68017045490233,0.15484798747590336,86.81791095815728,0
119.74756517495418,-55.1411570450784,-64.60640812987572,87.38707927110708,4.517838139277932,6.532368298989636e-15,84.76244163748464,39.790718017062176,0.15468518657166497,87.38707927110708,0
119.79641313649081,-56.19883784522093,-63.59757529126987,87.95783022884179,4.517851451445615,4.8992762242422274e-15,84.76269139672824,39.90114935399124,0.15452255682970373,87.95783022884179,0
119.83345842999113,-57.253854100773964,-62.57960432921708,88.53016216743275,4.517864749617426,5.894903217431983e-15,84.7629408933851,40.011464587884014,0.1543600980700695,88.53016216743275,0
119.85859816324206,-58.30605057885457,-61.55254758438745,89.10407342470072,4.517878033808077,5.5314004376991434e-15,84.76319012773128,40.121663840806534,0.15419781011299635,89.10407342470072,0
119.87173045788455,-59.35527081445154,-60.51645964343296,89.67956234021398,4.5178913040322675,3.0383273036492014e-15,84.76343910004255,40.2317472346965,0.15403569277891044,89.67956234021398,0
119.87275448342604,-60.401357128447984,-59.47139735497799,90.25662725528653,4.517904560304682,5.829942848658838e-17,84.76368781059442,40.3417148913634,0.15387374588842612,90.25662725528653,0
119.86157049147863,-61.444150646199994,-58.41741984527857,90.83526651297625,4.51791780263999,4.372457136494129e-17,84.76393625966209,40.451566932488674,0.15371196926234584,90.83526651297625,0
119.83807985021677,-62.483491316675135,-57.35458853354157,91.41547845808304,4.517931031052841,2.253239477774019e-15,84.76418444752046,40.56130347962582,0.15355036272165898,91.41547845808304,0
119.80218507904762,-63.5192179321537,-56.282967146893895,91.99726143714706,4.517944245557874,5.020598682205984e-15,84.76443237444417,40.67092465420053,0.15338892608754517,91.99726143714706,0
119.7537898834879,-64.55116814849588,-55.20262173499197,92.58061379844679,4.517957446169712,4.875672036279645e-15,84.76468004070755,40.78043057751086,0.15322765918137154,92.58061379844679,0
119.69279919024014,-65.57917850597804,-54.11362068426204,93.16553389199731,4.517970632902962,4.76697705183489e-15,84.76492744658465,40.88982137072732,0.15306656182469497,93.16553389199731,0
119.61911918246152,-66.60308445069957,-53.016034731761906,93.75202006954841,4.5179838057722135,3.575232788876167e-15,84.76517459234923,40.999097154893015,0.15290563383925493,93.75202006954841,0
119.53265733521839,-67.6227203565647,-51.90993697865365,94.34007068458276,4.517996964792044,2.6814245916571254e-15,84.76542147827475,41.108258050923816,0.15274487504698303,94.34007068458276,0
119.43332245111874,-68.63791954784084,-50.79540290327783,94.92968409231415,4.5180101099770145,4.2315144929931576e-15,84.76566810463441,41.217304179608455,0.15258428526999734,94.92968409231415,0
119.32102469611549,-69.64851432229527,-49.672510373820145,95.52085864968561,4.518023241341669,4.283858894370025e-15,84.76591447170111,41.32623566160867,0.1524238643305997,95.52085864968561,0
119.1956756354728,-70.65433597491341,-48.54133966055934,96.11359271536762,4.518036358900538,4.323117195402675e-15,84.76616057974744,41.43505261745934,0.15226361205128247,96.11359271536762,0
119.05718826988794,-71.65521482220043,-47.40197344768743,96.7078846497563,4.518049462668138,3.2423378965520067e-15,84.76640642904574,41.54375516756863,0.15210352825472387,96.7078846497563,0
118.9054770717598,-72.6509802270675,-46.254496844692255,97.30373281497155,4.518062552658967,-2.0091386760866216e-15,84.76665201986805,41.652343432218096,0.15194361276378704,97.30373281497155,0
118.74045802159728,-73.64146062430505,-45.09899739729221,97.9011355748553,4.518075628887509,-3.9663098243980964e-16,84.7668973524861,41.76081753156285,0.15178386540152145,97.9011355748553,0
118.56204864455778,-74.62648354664452,-43.93556509791323,98.50009129496966,4.518088691368233,-2.9747323682985723e-16,84.76714242717136,41.86917758563167,0.1516242859911645,98.50009129496966,0
118.37016804710845,-75.6058756514101,-42.764292395698334,99.10059834259513,4.518101740115596,-3.5537740014978625e-15,84.76738724419505,41.97742371432713,0.15146487435613956,99.10059834259513,0
118.16473695380046,-76.57946274776107,-41.58527420603932,99.70265508672878,4.518114775144033,-1.5551074764982403e-15,84.76763180382801,42.08555603742577,0.15130563032005218,99.70265508672878,0
117.94567774414843,-77.54706982452693,-40.39860791962147,100.30625989808243,4.518127796467969,-3.3867766566239932e-15,84.76787610634088,42.19357467457818,0.15114655370669616,100.30625989808243,0
117.71291448960521,-78.50852107863538,-39.204393410969786,100.9114111490809,4.518140804101811,-5.870751566343465e-15,84.76812015200396,42.30147974530916,0.15098764434004963,100.9114111490809,0
117.46637299062317,-79.46363994413421,-38.00273304648893,101.51810721386016,4.518153798059956,-7.733732748633069e-15,84.76836394108734,42.40927136901785,0.1508289020442795,101.51810721386016,0
117.20598081379224,-80.41224912180768,-36.79373169198452,102.12634646826555,4.518166778356777,-6.910522586099958e-15,84.76860747386074,42.51694966497786,0.1506703266437295,102.12634646826555,0
116.93166732904568,-81.35417060938786,-35.57749671965775,102.73612728984999,4.518179745006641,-8.513561013450437e-15,84.76885075059364,42.62451475233738,0.1505119179629361,102.73612728984999,0
116.6433637469234,-82.28922573236129,-34.35413801456204,103.34744805787214,4.518192698023894,-7.495393784712985e-15,84.76909377155523,42.73196675011936,0.15035367582661485,103.34744805787214,0
116.34100315588286,-83.21723517536998,-33.12376798051282,103.96030715329469,4.518205637422869,-6.7317683631598956e-15,84.76933653701442,42.839305777221604,0.15019560005966925,103.96030715329469,0
116.0245205596478,-84.13801901420838,-31.88650154543936,104.5747029587825,4.518218563217885,-8.934606858557969e-15,84.76957904723986,42.94653195241691,0.15003769048718493,104.5747029587825,0
115.69385291458418,-85.0513967484144,-30.64245616616972,105.1906338587008,4.518231475423242,-7.256066656231055e-15,84.76982130249985,43.053645394353204,0.1498799469344306,105.1906338587008,0
115.34893916709305,-85.95718733445456,-29.391751832638448,105.8080982391135,4.518244374053229,-7.107384529111026e-15,84.77006330306247,43.16064622155366,0.14972236922686033,105.8080982391135,0
114.98972029100972,-86.85520921950261,-28.134511071507085,106.42709448778129,4.51825725912212,-9.771430495333896e-15,84.7703050491955,43.26753455241687,0.14956495719011256,106.42709448778129,0
114.61613932499837,-87.74528037581057,-26.87085894918779,107.0476209941599,4.51827013064417,-8.438795896125578e-15,84.77054654116642,43.37431050521691,0.14940771065000533,107.0476209941599,0
114.22814140993121,-88.62721833567076,-25.600923074260383,107.66967614939833,4.518282988633624,-8.549542971344496e-15,84.77078777924248,43.48097419810354,0.1492506294325442,107.66967614939833,0
113.82567382624087,-89.50084022696817,-24.32483359927266,108.29325834633707,4.518295833104708,-9.187714790071264e-15,84.77102876369058,43.58752574910228,0.14909371336391486,108.29325834633707,0
113.4086860312351,-90.36596280932055,-23.042723221914542,108.9183659795063,4.518308664071634,-1.1331678191054074e-14,84.77126949477739,43.69396527611456,0.14893696227048556,108.9183659795063,0
112.9771296963618,-91.22240251080558,-21.754727185556163,109.54499744512415,4.518321481548603,-1.4604985278728915e-14,84.77150997276928,43.80029289691788,0.14878037597881055,109.54499744512415,0
112.53095874441314,-92.0699754652723,-20.46098327914078,110.17315114109488,4.518334285549795,-1.3729296520609577e-14,84.77175019793236,43.90650872916589,0.1486239543156218,110.17315114109488,0
112.07012938665675,-92.90849755023476,-19.16163183642193,110.80282546700711,4.518347076089379,-1.4737864488957807e-14,84.77199017053243,44.01261289038855,0.1484676971078368,110.80282546700711,0
111.59460015988212,-93.73778442534581,-17.8568157345363,111.43401882413211,4.518359853181507,-1.271873290365609e-14,84.77222989083502,44.11860549799226,0.14831160418255307,111.43401882413211,0
111.10433196335012,-94.55765157144772,-16.546680391902342,112.06672961542196,4.518372616840317,-1.2869718751617537e-14,84.77246935910539,44.22448666925998,0.14815567536704966,112.06672961542196,0
110.59928809563296,-95.36791433019776,-15.231373765435182,112.70095624550783,4.518385367079933,-1.1872735112963465e-14,84.7727085756085,44.33025652135135,0.14799991048878958,112.70095624550783,0
110.07943429133276,-96.16838794426376,-13.911046347068924,113.33669712069816,4.518398103914463,-1.0292330115504045e-14,84.77294754060907,44.43591517130285,0.14784430937541537,113.33669712069816,0
109.54473875766563,-96.95888759808908,-12.585851159576496,113.973950648977,4.518410827358002,-1.0217249392034636e-14,84.77318625437152,44.54146273602791,0.14768887185475216,113.973950648977,0
108.99517221089855,-97.73922845921996,-11.255943751678558,114.6127152400021,4.518423537424627,-1.1548717630214025e-14,84.77342471715998,44.646899332317034,0.14753359775480407,114.6127152400021,0
108.43070791262659,-98.50922572019472,-9.921482192431808,115.2529893051033,4.518436234128403,-1.1992207296535988e-14,84.77366292923834,44.75222507683795,0.14737848690375843,115.2529893051033,0
107.85132170587644,-99.26869464098851,-8.58262706488788,115.89477125728065,4.518448917483379,-1.3157491814746328e-14,84.77390089087015,44.85744008613572,0.1472235391299811,115.89477125728065,0
107.25699205102438,-100.01745059201001,-7.239541459014305,116.53805951120276,4.51846158750359,-1.3476343691091504e-14,84.77413860231876,44.962544476632864,0.14706875426201987,116.53805951120276,0
106.64770006151358,-100.75530909764558,-5.89239096386791,117.18285248320495,4.518474244203053,-1.1911370183334508e-14,84.77437606384714,45.06753836462951,0.14691413212859977,117.18285248320495,0
106.02342953935931,-101.48208588034603,-4.541343659013201,117.82914859128756,4.518486887595775,-1.2125418833298206e-14,84.7746132757181,45.17242186630352,0.14675967255863084,117.82914859128756,0
105.38416701042632,-102.19759690525066,-3.1865701051756594,118.47694625511417,4.518499517695746,-1.3118622589239846e-14,84.7748502381941,45.2771950977106,0.1466053753812,118.47694625511417,0
104.72990175946607,-102.90165842534307,-1.828243334122932,119.12624389600988,4.518512134516941,-1.7749305992384124e-14,84.77508695153736,45.38185817478445,0.14645124042557345,119.12624389600988,0
104.06062586489908,-103.59408702713458,-0.4665388377644643,119.77703993695953,4.518524738073322,-1.6989593263358925e-14,84.7753234160098,45.486411213336865,0.1462972675211991,119.77703993695953,0
103.37633423332873,-104.27469967686673,0.898365443538034,120.42933280260597,4.518537328378834,-1.785095558427089e-14,84.77555963187305,45.590854329057905,0.1461434564977021,120.42933280260597,0
102.67702463377222,-104.94331376722961,2.2662891334574486,121.08312091924832,4.518549905447408,-1.8245442420938228e-14,84.77579559938852,45.69518763751597,0.14598980718488702,121.08312091924832,0
101.96269773159392,-105.59974716458764,3.637049432993753,121.73840271484022,4.518562469292961,-2.0276031024415537e-14,84.77603131881727,45.79941125415798,0.14583631941273795,121.73840271484022,0
101.23335712212757,-106.24381825670683,5.010461134579296,122.39517661898812,4.518575019929395,-1.9856082183929495e-14,84.77626679042018,45.90352529430947,0.14568299301141718,122.39517661898812,0
100.4890093639716,-106.87534600097703,6.386336637005479,123.05344106294949,4.5185875573706,-2.0304398882994758e-14,84.77650201445778,46.00752987317471,0.14552982781126772,123.05344106294949,0
99.72966401194398,-107.49414997312105,7.764485961177085,123.71319447963111,4.518600081630446,-2.258352670038773e-14,84.77673699119035,46.11142510583688,0.1453768236428079,123.71319447963111,0
98.95533364968072,-108.10005041638388,9.144716766703194,124.37443530358738,4.518612592722792,-2.4431650441510605e-14,84.7769717208779,46.21521110725814,0.14522398033673534,124.37443530358738,0
98.16603392186414,-108.69286829119417,10.526834369330086,125.03716197101848,4.518625090661481,-2.2209518417321002e-14,84.77720620378014,46.318887992279805,0.1450712977239253,125.03716197101848,0
97.36178356606472,-109.27242532528987,11.910641759225197,125.70137291976876,4.518637575460345,-2.026536364302251e-14,84.77744044015657,46.42245587562243,0.14491877563543365,125.70137291976876,0
96.54260444418259,-109.83854406429934,13.295939620116767,126.36706658932495,4.518650047133197,-2.213791663617411e-14,84.77767443026636,46.52591487188597,0.14476641390249,126.36706658932495,0
95.70852157347224,-110.39104792277001,14.682526349297792,127.03424142081441,4.518662505693837,-2.1599441087943786e-14,84.77790817436842,46.6292650955499,0.14461421235650335,127.03424142081441,0
94.85956315713601,-110.92976123563581,16.070198078499804,127.70289585700347,4.51867495115605,-1.9807805645989597e-14,84.77814167272139,46.732506660973314,0.1444621708290585,127.70289585700347,0
93.99576061447031,-111.45450931011305,17.458748695642793,128.37302834229564,4.518687383533609,-1.98518578453054e-14,84.77837492558366,46.83563968239509,0.14431028915192112,128.37302834229564,0
93.11714861054924,-111.9651184780171,18.847969867467917,129.04463732272995,4.51869980284027,-1.821956245785452e-14,84.77860793321331,46.938664273934,0.14415856715702874,129.04463732272995,0
92.22376508543006,-112.46141614848838,20.23765106305834,129.71772124597922,4.518712209089774,-2.1991344528079564e-14,84.77884069586817,47.041580549588836,0.14400700467649846,129.71772124597922,0
91.31565128286498,-112.94323086111895,21.627579578254007,130.39227856134826,4.5187246022958485,-2.2044623519185454e-14,84.77907321380579,47.14438862323852,0.14385560154262245,130.39227856134826,0
90.39285177850249,-113.41039233946918,23.017540560966726,131.06830771977226,4.518736982472209,-2.319480578714003e-14,84.77930548728347,47.247088608642265,0.14370435758787192,131.06830771977226,0
89.45541450756367,-113.86273154496314,24.407317037399498,131.74580717381502,4.518749349632553,-2.183699643885565e-14,84.77953751655822,47.34968061943968,0.14355327264489104,131.74580717381502,0
88.5033907919769,-114.30008073115289,25.796689939176062,132.4247753776673,4.518761703790566,-2.3594196989205255e-14,84.77976930188679,47.45216476915089,0.1434023465465026,132.4247753776673,0
87.53683536695462,-114.72227349834,27.185438131385403,133.10521078714496,4.518774044959916,-2.0471205303466833e-14,84.78000084352564,47.55454117117668,0.14325157912570197,133.10521078714496,0
86.55580640699712,-115.12914484854271,28.57333844154563,133.78711185968743,4.518786373154263,-2.36800766622888e-14,84.780232141731,47.656809938798595,0.14310097021566454,133.78711185968743,0
85.56036555130581,-115.52053124079738,29.960165689491607,134.4704770543559,4.5187986883872435,-2.109072657059207e-14,84.78046319675879,47.75897118517909,0.14295051964973607,134.4704770543559,0
84.55057792859128,-115.8962706467822,31.345692718190975,135.1553048318317,4.518810990672487,-2.1369160051069834e-14,84.78069400886467,47.861025023361655,0.14280022726144107,135.1553048318317,0
83.52651218125877,-116.25620260675025,32.729690425491526,135.84159365441445,4.518823280023606,-2.102287364911558e-14,84.78092457830405,47.96297156627091,0.14265009288447747,135.84159365441445,0
82.48824048895555,-116.60016828576005,34.111927796804515,136.52934198602048,4.518835556454198,-2.0763158847649888e-14,84.78115490533206,48.06481092671277,0.1425001163527182,136.52934198602048,0
81.43583859146361,-116.92801053019029,35.492171938726706,137.2185482921811,4.51884781997785,-2.001326123423804e-14,84.78138499020356,48.166543217374524,0.1423502975002135,137.2185482921811,0
80.36938581092093,-117.23957392452566,36.87018811360475,137.9092110400409,4.518860070608128,-1.7230391974928844e-14,84.78161483317314,48.268168550825024,0.1422006361611829,137.9092110400409,0
79.28896507335627,-117.5347048484001,38.24573977504385,138.60132869835604,4.51887230835859,-2.0694355153572727e-14,84.78184443449513,48.369687039514744,0.14205113217002469,138.60132869835604,0
78.19466292951931,-117.81325153388401,39.618588604364724,139.29489973749259,4.518884533242777,-2.4402550562180797e-14,84.78207379442358,48.47109879577594,0.14190178536130954,139.29489973749259,0
77.0865695749916,-118.07506412300116,40.98849454800958,139.9899226294248,4.5188967452742155,-2.718369711863685e-14,84.7823029132123,48.572403931822755,0.1417525955697821,139.9899226294248,0
75.96477886956038,-118.31999472546073,42.35521585590036,140.68639584773342,4.5189089444664186,-2.5938887962103418e-14,84.78253179111479,48.67360255975138,0.14160356263036067,140.68639584773342,0
74.82938835584018,-118.54789747659031,43.71850912075017,141.38431786760404,4.518921130832885,-2.61155041193285e-14,84.78276042838432,48.77469479154013,0.14145468637813727,141.38431786760404,0
73.68049927712471,-118.75862859545454,45.07812931832985,142.08368716582532,4.518933304387098,-2.513774321262216e-14,84.78298882527389,48.8756807390496,0.14130596664837713,142.08368716582532,0
72.51821659445325,-118.95204644314408,46.433829848690856,142.78450222078746,4.51894546514253,-2.44044225325924e-14,84.78321698203622,48.97656051402278,0.1411574032765196,142.78450222078746,0
71.34264900287577,-119.1280115812197,47.785362578343936,143.4867615124803,4.518957613112637,-2.6074878071820398e-14,84.78344489892378,49.07733422808517,0.14100899609817696,143.4867615124803,0
70.1539089468991,-119.28638683029548,49.132477883396426,144.19046352249188,4.51896974831086,-2.2886827627740768e-14,84.78367257618874,49.178001992744925,0.14086074494913167,144.19046352249188,0
68.95211263509864,-119.42703732874512,50.47492469364648,144.89560673400652,4.5189818707506255,-2.2716235843931357e-14,84.78390001408303,49.27856391939295,0.14071264966534136,144.89560673400652,0
67.73738005387987,-119.54983059151458,51.81245053763472,145.60218963180333,4.518993980445349,-2.1478068981449145e-14,84.78412721285834,49.37902011930305,0.140564710082936,145.60218963180333,0
66.50983498037216,-119.65463656902509,53.144801588652946,146.31021070225447,4.51900607740843,-2.0549443834587484e-14,84.78435417276604,49.479370703632036,0.14041692603821782,146.31021070225447,0
65.26960499444004,-119.7413277061488,54.47172271170879,147.0196684333234,4.519018161653254,-1.874275194981608e-14,84.7845808940573,49.57961578341985,0.14026929736766097,147.0196684333234,0
64.01682148979482,-119.80977900124049,55.79295751144569,147.73056131456335,4.519030233193193,-1.9608179085487844e-14,84.78480737698297,49.67975546958969,0.1401218239079106,147.73056131456335,0
62.751619684191,-119.85986806520717,57.10824838101618,148.44288783711553,4.519042292041602,-1.8036803387991353e-14,84.78503362179366,49.77978987294816,0.13997450549578416,148.44288783711553,0
61.4741386286916,-119.89147518059846,58.41733655190689,149.1566464937075,4.519054338211827,-2.0188940688744455e-14,84.78525962873972,49.87971910418532,0.13982734196827157,149.1566464937075,0
60.184521215986116,-119.90448336069925,59.71996214471314,149.87183577865156,4.519066371717196,-2.180304366430928e-14,84.78548539807123,49.979543273874896,0.13968033316253292,149.87183577865156,0
58.88291418774562,-119.89877840860605,61.01586422086045,150.58845418784296,4.519078392571026,-2.0793174846732586e-14,84.78571093003801,50.079262492474335,0.13953347891590123,150.58845418784296,0
57.56946814099925,-119.87424897626926,62.30478083527004,151.30650021875832,4.519090400786617,-1.781532718429975e-14,84.78593622488961,50.17887687032497,0.13938677906587837,151.30650021875832,0
56.244337533516216,-119.83078662348161,63.58644908996543,152.02597237045396,4.519102396377255,-1.8912610511350596e-14,84.78616128287533,50.278386517652116,0.13924023345013697,152.02597237045396,0
54.90768068817813,-119.76828587679407,64.86060518861595,152.74686914356425,4.519114379356214,-2.1956019055889043e-14,84.78638610424417,50.377791544565206,0.13909384190652185,152.74686914356425,0
53.5596597963262,-119.68664428833972,66.12698449201353,153.46918904029994,4.519126349736755,-1.646701429191678e-14,84.78661068924494,50.47709206105791,0.13894760427304884,153.46918904029994,0
52.20044092006795,-119.58576249454588,67.38532157447794,154.1929305644464,4.519138307532122,-1.9011598866688526e-14,84.78683503812613,50.57628817700825,0.13880152038790214,154.1929305644464,0
50.83019399352803,-119.4655442747147,68.63535028118669,154.91809222136223,4.519150252755549,-1.9809814273142178e-14,84.78705915113599,50.67538000217873,0.1386555900894384,154.91809222136223,0
49.449092823029005,-119.32589660945182,69.87680378642283,155.64467251797726,4.51916218542025,-1.7077806754106946e-14,84.78728302852252,50.77436764621645,0.13850981321618128,155.64467251797726,0
48.05731508618618,-119.16672973892274,71.10941465273659,156.37266996279118,4.519174105539432,-1.8359470188705993e-14,84.78750667053343,50.87325121865324,0.13836418960682656,156.37266996279118,0
46.65504232990222,-118.98795722091656,72.33291489101435,157.10208306587177,4.519186013126283,-2.154116381390559e-14,84.78773007741619,50.97203082890576,0.1382187191002383,157.10208306587177,0
45.24245996724779,-118.78949598869556,73.5470360214478,157.83291033885322,4.519197908193979,-1.948654193430466e-14,84.787953249418,51.07070658627565,0.13807340153545067,157.83291033885322,0
43.81975727321203,-118.57126640861006,74.75150913539804,158.56515029493457,4.519209790755682,-1.683535249997881e-14,84.78817618678579,51.16927859994962,0.1379282367516666,158.56515029493457,0
42.3871273793105,-118.33319233745664,75.94606495814617,159.298801448878,4.519221660824543,-1.8177629498109888e-14,84.78839888976627,51.2677469789996,0.13778322458825953,159.298801448878,0
40.94476726703571,-118.0752011795588,77.13043391252309,160.03386231700722,4.519233518413691,-2.0294560271333354e-14,84.78862135860584,51.36611183238282,0.13763836488476783,160.03386231700722,0
39.49287776013612,-117.79722394354732,78.30434618341124,160.77033141720582,4.5192453635362515,-1.8551589277375483e-14,84.78884359355068,51.46437326894199,0.13749365748090348,160.77033141720582,0
38.031663515711244,-117.49919529881927,79.46753178310807,161.5082072689156,4.519257196205329,-1.835458405653224e-14,84.78906559484669,51.562531397405365,0.1373491022165439,161.5082072689156,0
36.561333014107575,-117.18105363165243,80.6197206175449,162.24748839313503,4.519269016434017,-1.931705316552496e-14,84.78928736273953,51.66058632638689,0.13720469893173623,162.24748839313503,0
35.082098547603856,-116.84274110095332,81.76064255334948,162.98817331241744,4.519280824235396,-1.8928681972644347e-14,84.78950889747459,51.75853816438633,0.13706044746669532,162.98817331241744,0
33.59417620787211,-116.48420369361597,82.89002748574387,163.7302605508696,4.519292619622531,-1.6416957528733573e-14,84.78973019929701,51.856387019789366,0.13691634766180533,163.7302605508696,0
32.09778587220121,-116.10539127946834,84.00760540726715,164.47374863414984,4.519304402608473,-1.4533164195800493e-14,84.78995126845165,51.95413300086773,0.13677239935761418,164.47374863414984,0
30.59315118847138,-115.70625766578378,85.11310647731241,165.21863608946668,4.519316173206261,-1.6450988269976153e-14,84.79017210518313,52.05177621577932,0.1366286023948423,165.21863608946668,0
29.080499558866812,-115.28676065133355,86.20626109246675,165.964921445577,4.5193279314289185,-2.010980237485821e-14,84.79039270973581,52.149316772568326,0.13648495661437443,165.964921445577,0
27.56006212231443,-114.8468620799577,87.28679995764327,166.71260323278452,4.519339677289458,-2.0633466904269442e-14,84.7906130823538,52.24675477916534,0.13634146185726465,166.71260323278452,0
26.032073735637567,-114.3865278936302,88.35445415799265,167.4616799829381,4.5193514108008745,-1.9915992276702707e-14,84.79083322328094,52.344090343387485,0.13619811796473202,167.4616799829381,0
24.49677295341282,-113.90572818499483,89.40895523158201,168.21215022943022,4.519363131976152,-2.0488109330652812e-14,84.79105313276082,52.44132357293852,0.13605492477816356,168.21215022943022,0
22.954402006518837,-113.40443724934748,90.45003524282862,168.96401250719524,4.51937484082826,-1.869675107186508e-14,84.79127281103678,52.53845457540898,0.13591188213911354,168.96401250719524,0
21.40520677936613,-112.88263363604119,91.47742685667508,169.7172653527078,4.519386537370156,-1.402256330389881e-14,84.7914922583519,52.63548345827627,0.135768989889303,169.7172653527078,0
19.849436785798325,-112.34030019928954,92.49086341349123,170.47190730398134,4.5193982216147806,-1.4957814576424733e-14,84.79171147494898,52.73241032890481,0.13562624787061714,170.47190730398134,0
18.28734514365323,-111.77742414834378,93.49007900469053,171.22793690056625,4.519409893575064,-1.5659253030819175e-14,84.79193046107062,52.829235294546145,0.13548365592511113,171.22793690056625,0
16.719188547974422,-111.19399709701892,94.47480854904452,171.98535268354848,4.519421553263921,-1.2854662797739538e-14,84.79214921695912,52.92595846233904,0.13534121389500303,171.98535268354848,0
15.14522724286484,-110.59001511254566,95.4447878696808,172.74415319554777,4.519433200694253,-1.408188919680528e-14,84.79236774285653,53.02257993930964,0.13519892162267688,172.74415319554777,0
13.565724991971143,-109.96547876372065,96.39975377174953,173.50433698071606,4.519444835878947,-1.1671639922229116e-14,84.79258603900465,53.11909983237155,0.13505677895068463,173.50433698071606,0
11.980949047591274,-109.32039316833304,97.33944412074176,174.26590258473598,4.519456458830882,-1.2084399015547307e-14,84.79280410564506,53.21551824832599,0.1349147857217438,174.26590258473598,0
10.391170118397037,-108.65476803984001,98.263597921443,175.02884855481915,4.519468069562914,-1.239396833553595e-14,84.79302194301903,53.311835293861876,0.1347729417787341,175.02884855481915,0
8.796662335762104,-107.96861773326793,99.17195539750584,175.79317343970456,4.519479668087893,-1.1515922300902275e-14,84.7932395513676,53.40805107555596,0.13463124696470236,175.79317343970456,0
7.197703218689208,-107.26196129031247,100.06425807162329,176.55887578965704,4.519491254418653,-1.1967610799552176e-14,84.79345693093157,53.50416569987295,0.1344897011228614,176.55887578965704,0
5.594573637328356,-106.5348224836138,100.94024884628546,177.32595415646557,4.5195028285680126,-1.3416600198164757e-14,84.79367408195145,53.60017927316561,0.13434830409658655,177.32595415646557,0
3.987557775078513,-105.78722986018,101.79967208510145,178.09440709344176,4.519514390548781,-1.0062450148623568e-14,84.79389100466756,53.6960919016749,0.13420705572942046,178.09440709344176,0
2.3769430892679457,-105.01921678393477,102.64227369466684,178.8642331554182,4.519525940373751,-7.546837611467676e-15,84.79410769931991,53.791903691530074,0.13406595586506875,178.8642331554182,0
0.763020270404979,-104.23082147736294,103.46780120695796,179.63543089874682,4.519537478055703,-8.990797282476226e-15,84.79432416614827,53.88761474874881,0.1339250043474015,179.63543089874682,0
-0.8539168000053117,-103.4220870622284,104.27600386223372,180.40799888129743,4.519549003607403,-8.963544011107483e-15,84.79454040539217,53.98322517923733,0.13378420102045208,180.40799888129743,0
-2.4735710930841366,-102.59306159933955,105.06663269242368,181.18193566245597,4.519560517041604,-1.0053327082206082e-14,84.79475641729088,54.078735088790495,0.13364354572841972,181.18193566245597,0
-4.095642477646759,-101.74379812733562,105.83944060498237,181.95723980312303,4.519572018371047,-8.650218336279718e-15,84.79497220208343,54.17414458309195,0.13350303831566587,181.95723980312303,0
-5.719827766719122,-100.8743547004694,106.59418246718856,182.73390986571215,4.519583507608457,-8.7081098014601e-15,84.79518776000859,54.26945376771423,0.13336267862671647,182.73390986571215,0
-7.345820765507801,-99.98479442536004,107.33061519086786,183.51194441414836,4.519594984766549,-9.861751424970545e-15,84.79540309130486,54.36466274811887,0.133222466506261,183.51194441414836,0
-8.97331232082693,-99.07518549668991,108.0484978175168,184.29134201386648,4.5196064498580215,-6.286090544102752e-15,84.79561819621054,54.459771629656515,0.13308240179915226,184.29134201386648,0
-10.601990371984142,-98.1456012318211,108.74759160380525,185.07210123180957,4.519617902895562,-3.604344883451908e-15,84.79583307496364,54.554780517567075,0.1329424843504063,185.07210123180957,0
-12.23154000312909,-97.19612010430558,109.42766010743465,185.85422063642736,4.519629343891841,-1.5930356379637744e-15,84.7960477278019,54.64968951697979,0.13280271400519922,185.85422063642736,0
-13.861643497066575,-96.2268257762623,110.08846927332884,186.63769879767466,4.51964077285952,-1.1947767284728308e-15,84.79626215496286,54.744498732913385,0.13266309060887377,186.63769879767466,0
-15.491980390535623,-95.23780712959733,110.72978752013294,187.42253428700977,4.5196521898112465,-8.960825463546232e-16,84.7964763566838,54.839208270276174,0.13252361400693502,187.42253428700977,0
-17.12222753095544,-94.22915829604086,111.35138582699626,188.2087256773929,4.51966359475965,1.5483841394843453e-15,84.7966903332017,54.93381823386617,0.13238428404504612,188.2087256773929,0
-18.75205913463922,-93.20097868597531,111.95303782061457,188.9962715432846,4.519674987717354,1.1612881046132589e-15,84.79690408475336,55.0283287283712,0.13224510056903954,188.9962715432846,0
-20.38114684647568,-92.15337301603033,112.53451986250603,189.78517046064414,4.519686368696963,1.9811891030851004e-15,84.79711761157529,55.12273985836904,0.13210606342490272,189.78517046064414,0
-22.009159801077836,-91.08645133541792,113.09561113649578,190.575421006928,4.519697737711072,1.4858918273138253e-15,84.79733091390378,55.2170517283275,0.13196717245879105,190.575421006928,0
-23.635764685398513,-90.00032905098372,113.63609373638224,191.36702176108824,4.519709094772258,1.114418870485369e-15,84.79754399197483,55.311264442604575,0.13182842751701637,191.36702176108824,0
-25.260625802810015,-88.89512695094918,114.15575275375919,192.15997130357098,4.519720439893092,4.166483226739497e-15,84.79775684602424,55.40537810544853,0.13168982844605726,192.15997130357098,0
-26.883405138647003,-87.77097122731924,114.65437636596624,192.9542682163148,4.519731773086124,2.014639395429466e-15,84.7979694762875,55.49939282099803,0.1315513750925483,192.9542682163148,0
-28.50376242720898,-86.62799349693148,115.13175592414044,193.74991108274915,4.519743094363896,2.621202571197256e-15,84.79818188299993,55.59330869328226,0.1314130673032896,193.74991108274915,0
-30.12135522021994,-85.46633082112118,115.58768604134109,194.54689848779284,4.5197544037389354,5.296571002273412e-15,84.79839406639654,55.68712582622102,0.13127490492524052,194.54689848779284,0
-31.735838956740785,-84.28612572397861,116.02196468071938,195.3452290178524,4.519765701223755,6.74798581326795e-15,84.79860602671211,55.78084432362486,0.13113688780552105,195.3452290178524,0
-33.34686703453085,-83.08752620917373,116.43439324370453,196.14490126082057,4.519776986830857,9.501881458451589e-15,84.79881776418118,55.874464289195195,0.13099901579141354,196.14490126082057,0
-34.95409088285262,-81.87068577532416,116.82477665817676,196.9459138060747,4.519788260572729,8.791745630776426e-15,84.79902927903807,55.9679858265244,0.13086128873035904,196.9459138060747,0
-36.55716003671485,-80.63576342988313,117.19292346659797,197.74826524447528,4.519799522461845,1.0479589809270368e-14,84.79924057151679,56.06140903909594,0.13072370646996045,197.74826524447528,0
-38.15572221254797,-79.3829237015221,117.5386459140701,198.55195416836423,4.519810772510667,9.525026893890511e-15,84.79945164185115,56.154734030284494,0.130586268857979,198.55195416836423,0
-39.749423385304155,-78.11233665098689,117.861760036291,199.3569791715635,4.519822010731642,9.919327731980774e-15,84.7996624902747,56.24796090335604,0.1304489757423375,199.3569791715635,0
-41.3379078669756,-76.82417788040114,118.1620857473767,200.16333884937336,4.519833237137207,1.0215053360548472e-14,84.79987311702077,56.341089761467984,0.13031182697111932,200.16333884937336,0
-42.92081838652284,-75.51862854099653,118.43944692751934,200.971031798571,4.519844451739783,1.0436847581974245e-14,84.80008352232238,56.4341207076693,0.13017482239256545,200.971031798571,0
-44.497796171204094,-74.19587533924562,118.69367151044968,201.78005661740886,4.519855654551781,1.1158304760356152e-14,84.8002937064124,56.5270538449006,0.130037961855079,201.78005661740886,0
-46.0684810292965,-72.85611054137452,118.92459157067103,202.5904119056131,4.519866845585597,9.478951594892271e-15,84.80050366952338,56.619889275994275,0.12990124520722018,202.5904119056131,0
-47.63251143419989,-71.49953197623428,119.13204341043415,203.40209626438215,4.519878024853611,1.2105217306982408e-14,84.80071341188763,56.712627103674606,0.12976467229770833,203.40209626438215,0
-49.18952460991151,-70.12634303650792,119.31586764641939,204.21510829638498,4.519889192368196,1.407491659105001e-14,84.80092293373725,56.80526743055787,0.12962824297542413,204.21510829638498,0
-50.7391566178617,-68.73675267823161,119.4759092960933,205.02944660575974,4.519900348141708,1.4997079541788134e-14,84.8011322353041,56.89781035915245,0.12949195708940497,205.02944660575974,0
-52.2810424450977,-67.3309754186094,119.61201786370712,205.8451097981121,4.519911492186492,1.6521369023310595e-14,84.80134131681974,56.99025599185897,0.1293558144888486,205.8451097981121,0
-53.81481609380378,-65.90923133209903,119.72404742590278,206.66209648051372,4.519922624514879,1.6276807353670993e-14,84.80155017851555,57.082604430970385,0.1292198150231107,206.66209648051372,0
-55.340110672144,-64.4717460447493,119.81185671689326,207.48040526150078,4.519933745139187,1.664849761375387e-14,84.80175882062264,57.174855778672104,0.1290839585417043,207.48040526150078,0
-56.8565584864139,-63.01875072676867,119.87530921318256,208.30003475107233,4.51994485407172,1.540070864995644e-14,84.80196724337185,57.26701013704211,0.1289482448943011,208.30003475107233,0
-58.36379113448692,-61.550482083304054,119.91427321779098,209.12098356068887,4.519955951324771,1.4742422683264655e-14,84.80217544699383,57.35906760805105,0.1288126739307322,209.12098356068887,0
-59.861439600540116,-60.067182343411005,119.9286219439511,209.9432503032707,4.51996703691062,1.5185458885273292e-14,84.80238343171895,57.45102829356237,0.12867724550098447,209.9432503032707,0
-61.34913435104301,-58.56909924719605,119.918233598239,210.76683359319648,4.5199781108415324,1.2523169636374806e-14,84.80259119777735,57.54289229533244,0.12854195945520475,210.76683359319648,0
-62.82650543199348,-57.05648603111232,119.88299146310577,211.59173204630162,4.519989173129763,1.3416935691547296e-14,84.80279874539893,57.63465971501062,0.128406815643696,211.59173204630162,0
-64.29318256738333,-55.529601411389955,119.82278397877323,212.41794427987682,4.52000022378755,1.3879093415809447e-14,84.80300607481333,57.72633065413941,0.12827181391691733,212.41794427987682,0
-65.74879525887546,-53.988709565583214,119.7375048244587,213.2454689126665,4.520011262827125,1.6793102453451735e-14,84.80321318624999,57.81790521415456,0.12813695412548998,213.2454689126665,0
-67.19297288667383,-52.43408011221763,119.62705299889146,214.07430456486725,4.520022290260699,1.828471984129273e-14,84.80342007993806,57.90938349638515,0.12800223612018552,214.07430456486725,0
-68.6253448115671,-50.86598808851907,119.49133290008619,214.90444985812633,4.520033306100476,1.8431987735626462e-14,84.8036267561065,58.00076560205377,0.1278676597519372,214.90444985812633,0
-70.04554047812644,-49.28471392620888,119.33025440433525,215.73590341554018,4.520044310358646,1.6044436850970158e-14,84.80383321498398,58.092051632276544,0.12773322487183375,215.73590341554018,0
-71.45318951903576,-47.690543425348224,119.14373294438394,216.56866386165282,4.520055303047385,1.3976217931321642e-14,84.80403945679896,58.18324168806331,0.12759893133112066,216.56866386165282,0
-72.84792186053271,-46.08376772621906,118.93168958675169,217.4027298224544,4.5200662841788555,1.6310834327773303e-14,84.80424548177966,58.274335870317714,0.12746477898119857,217.4027298224544,0
-74.22936782894062,-44.46468327922052,118.69405110816112,218.23809992537966,4.520077253765209,1.6951573600486892e-14,84.80445129015402,58.36533427983729,0.12733076767362547,218.23809992537966,0
-75.59715825826477,-42.83359181277442,118.43075007103921,219.07477279930632,4.5200882118185834,1.826479532349095e-14,84.80465688214979,58.456237017313626,0.12719689726011407,219.07477279930632,0
-76.95092459883331,-41.19080029921811,118.14172489805135,219.91274707455375,4.520099158351104,2.0359934640369152e-14,84.80486225799444,58.54704418333243,0.12706316759253508,219.91274707455375,0
-78.29029902695524,-39.53662091867636,117.82691994563157,220.75202138288128,4.520110093374883,1.8600620054152335e-14,84.80506741791525,58.63775587837366,0.12692957852291342,220.75202138288128,0
-79.61491455557264,-37.87137102089875,117.48628557647129,221.59259435748675,4.520121016902022,2.1166914700677767e-14,84.80527236213925,58.72837220281164,0.12679612990343167,221.59259435748675,0
-80.92440514588043,-36.19537308504721,117.11977823092764,222.43446463300504,4.520131928944607,1.9205855099383795e-14,84.80547709089318,58.81889325691516,0.1266628215864255,222.43446463300504,0
-82.21840581988779,-34.508954677426566,116.72736049731436,223.27763084550648,4.52014282951471,2.273106400922652e-14,84.80568160440357,58.90931914084759,0.12652965342438433,223.27763084550648,0
-83.49655277389273,-32.812448407144274,116.309001181037,224.1220916324954,4.520153718624397,2.593008220392114e-14,84.80588590289675,58.999649954667,0.12639662526995815,224.1220916324954,0
-84.75848349284462,-31.106191879688424,115.864675372533,224.96784563290862,4.520164596285714,2.388845375144148e-14,84.80608998659876,59.08988579832625,0.1262637369759469,224.96784563290862,0
-86.00383686556273,-29.39052764841754,115.39436451398021,225.8148914871139,4.520175462510699,2.0691897875144003e-14,84.80629385573545,59.18002677167313,0.1261309883953072,225.8148914871139,0
-87.23225330078478,-27.665803163949015,114.89805646473377,226.66322783690845,4.520186317311375,1.8849592480233472e-14,84.80649751053237,59.270072974450436,0.1259983793811506,226.66322783690845,0
-88.44337484401271,-25.932370721441664,114.37574556545432,227.51285332551748,4.520197160699753,1.9688309483300888e-14,84.80670095121488,59.360024506296114,0.1258659097867414,227.51285332551748,0
-89.6368452951271,-24.190587405761125,113.82743270088818,228.36376659759264,4.5202079926878325,2.1427570260226604e-14,84.80690417800811,59.44988146674334,0.12573357946550193,228.36376659759264,0
-90.81231032673774,-22.44081503452354,113.2531253612612,229.21596629921055,4.520218813287597,2.1621792818295735e-14,84.80710719113691,59.53964395522067,0.1256013882710027,229.21596629921055,0
-91.96941760323804,-20.683420099010576,112.65283770224863,230.06945107787124,4.520229622511021,1.954701368759727e-14,84.80730999082591,59.62931207105209,0.12546933605697264,230.06945107787124,0
-93.10781690053221,-18.91877370294926,112.02659060348137,230.92421958249676,4.520240420370065,2.3542044462699205e-14,84.80751257729953,59.718885913457186,0.12533742267729375,230.92421958249676,0
-94.22716022639857,-17.14725149915292,111.3744117255515,231.78027046342962,4.5202512068766785,2.3207648470150185e-14,84.80771495078196,59.80836558155122,0.12520564798600195,231.78027046342962,0
-95.32710194145854,-15.369233624019003,110.69633556547743,232.63760237243125,4.520261982042795,2.628752054961389e-14,84.80791711149709,59.89775117434525,0.12507401183728478,232.63760237243125,0
-96.4072988807132,-13.585104629878677,109.99240351059191,233.49621396268066,4.520272745880338,2.0825863436835574e-14,84.80811905966863,59.987042790746244,0.12494251408548414,233.49621396268066,0
-97.4674104756144,-11.795253415198875,109.26266389081329,234.35610388877276,4.520283498401218,2.2280735725377618e-14,84.80832079552003,60.07624052955717,0.1248111545850952,234.35610388877276,0
-98.50709887663191,-10.00007315263138,108.50717202926332,235.21727080671704,4.520294239617333,2.448211296640931e-14,84.80852231927453,60.16534448947712,0.12467993319076619,235.21727080671704,0
-99.52602907628186,-8.199961214910225,107.72599029119209,236.07971337393593,4.520304969540568,2.3912699847932765e-14,84.80872363115512,60.25435476910143,0.12454884975729821,236.07971337393593,0
-100.52386903257711,-6.395319098596854,106.91918813117387,236.94343024926346,4.520315688182796,2.0154970935199888e-14,84.80892473138454,60.34327146692177,0.12441790413964422,236.94343024926346,0
-101.50028979286247,-4.586552345672667,106.08684213853513,237.8084200929437,4.520326395555879,1.5116228201399916e-14,84.80912562018534,60.432094681326255,0.12428709619291146,237.8084200929437,0
-102.45496561799551,-2.7740704629818422,105.22903608097725,238.67468156662923,4.520337091671662,1.5778063249550564e-14,84.80932629777978,60.52082451059957,0.12415642577235693,238.67468156662923,0
-103.38757410683306,-0.9582868395246804,104.34586094635765,239.54221333337978,4.520347776541983,1.4053993486413237e-14,84.80952676438991,60.60946105292305,0.12402589273339241,239.54221333337978,0
-104.29779632098393,0.8603813383928434,103.437414982591,240.41101405766062,4.520358450178663,1.4981387213310553e-14,84.80972702023757,60.69800440637483,0.12389549693157913,240.41101405766062,0
-105.1853169097866,2.681513174152122,102.50380373563448,241.2810824053412,4.520369112593515,1.4566709483858385e-14,84.80992706554436,60.786454668929906,0.12376523822263277,241.2810824053412,0
-106.0498242354698,4.504684149949245,101.54514008552044,242.15241704369362,4.520379763798333,1.980681630989504e-14,84.81012690053159,60.87481193846028,0.12363511646241719,242.15241704369362,0
-106.89101049845601,6.329466218056509,100.5615442803994,243.02501664139112,4.520390403804908,1.9296004330921906e-14,84.81032652542041,60.963076312735055,0.12350513150695304,243.02501664139112,0
-107.70857186276231,8.155427894203749,99.55314396855849,243.89887986850667,4.520401032625011,1.8912895346692056e-14,84.81052594043172,61.051247889420544,0.12337528321240877,243.89887986850667,0
-108.50220858145754,9.98213435307905,98.52007422837849,244.77400539651146,4.520411650270401,2.084600965776998e-14,84.81072514578614,61.13932676608037,0.1232455714351022,244.77400539651146,0
-109.27162512213114,11.809147525936277,97.46247759619489,245.65039189827345,4.5204222567528305,2.5626514464953895e-14,84.81092414170413,61.22731304017559,0.12311599603150751,245.65039189827345,0
-110.01653029232892,13.636026200301647,96.38050409202718,246.5280380480559,4.520432852084032,2.6991447021091517e-14,84.81112292840587,61.31520680906478,0.12298655685824432,246.5280380480559,0
-110.73663736491135,15.46232612176918,95.27431124314205,247.40694252151587,4.520443436275732,2.246403131506895e-14,84.8113215061113,61.403008170004185,0.12285725377208737,247.40694252151587,0
-111.43166420328805,17.287600097871795,94.14406410541628,248.2871039957028,4.520454009339642,2.2399138609427495e-14,84.81151987504019,61.49071722014777,0.12272808662996008,248.2871039957028,0
-112.1013333864833,19.11139810401881,92.98993528246442,249.16852114905703,4.5204645712874605,2.5681138154071872e-14,84.81171803541201,61.57833405654738,0.12259905528893618,249.16852114905703,0
-112.7453723339848,20.93326739148531,91.8121049424994,250.0511926614083,4.520475122130874,2.370174571405453e-14,84.81191598744604,61.665858776152795,0.12247015960623864,250.0511926614083,0
-113.3635134303293,22.7527525974378,90.61076083289139,250.93511721397437,4.520485661881559,1.999675533479121e-14,84.81211373136134,61.7532914758119,0.12234139943924484,250.93511721397437,0
-113.95549414937693,24.569395856984134,89.3860982923927,251.82029348935947,4.520496190551176,2.1658904648844347e-14,84.81231126737667,61.84063225227073,0.12221277464547572,251.82029348935947,0
-114.5210571782265,26.382736917229177,88.13832026099723,252.70672017155294,4.520506708151377,2.29055166343842e-14,84.81250859571064,61.927881202173616,0.1220842850826072,252.70672017155294,0
-115.05995054072211,28.192313253319853,86.86763728740225,253.5943959459277,4.520517214693798,2.3840475623539088e-14,84.81270571658158,62.015038422063284,0.12195593060846195,253.5943959459277,0
-115.5719277205031,29.997660186462305,85.57426753404071,254.48331949923875,4.520527710190066,3.120303301315619e-14,84.81290263020762,62.102104008380955,0.12182771108101459,254.48331949923875,0
-116.05674778354668,31.79831100389164,84.25843677965493,255.3734895196219,4.520538194651794,2.8953389882992927e-14,84.81309933680664,62.18907805746645,0.12169962635838621,255.3734895196219,0
-116.51417550015358,33.59379708077296,82.92037841938063,256.2649046965921,4.520548668090584,2.7266157535370476e-14,84.81329583659632,62.27596066555832,0.12157167629884948,256.2649046965921,0
-116.9439814663262,35.38364800401443,81.56033346231168,257.15756372104215,4.520559130518024,2.8221179323903954e-14,84.81349212979407,62.36275192879392,0.12144386076082407,257.15756372104215,0
-117.34594222448811,37.16739169797051,80.17855052651761,258.0514652852412,4.520569581945692,2.3386330542178278e-14,84.81368821661711,62.449451943209525,0.12131617960288003,258.0514652852412,0
-117.71984038349376,38.94455455200927,78.77528583148451,258.9466080828332,4.520580022385152,2.5311309079009805e-14,84.8138840972824,62.53606080474046,0.12118863268373674,258.9466080828332,0
-118.06546473787633,40.714661549923484,77.35080318795274,259.8429908088357,4.520590451847957,2.342437390775798e-14,84.81407977200669,62.62257860922117,0.12106121986225914,259.8429908088357,0
-118.38261038628204,42.477236401158514,75.90537398512353,260.7406121596381,4.520600870345646,1.645805740619333e-14,84.8142752410065,62.709005452385355,0.12093394099746296,260.7406121596381,0
-118.67107884903804,44.2318016738291,74.43927717520894,261.6394708330005,4.520611277889749,1.5674212128520468e-14,84.8144705044981,62.79534142986606,0.12080679594851186,261.6394708330005,0
-118.93067818480128,45.97787892950182,72.95279925529947,262.539565528052,4.520621674491781,1.6196551194890976e-14,84.81466556269758,62.88158663719579,0.12067978457471633,262.539565528052,0
-119.16122310623513,47.71498885971104,71.4462342465241,263.4408949452894,4.520632060163248,1.54780824700437e-14,84.81486041582077,62.967741169806594,0.12055290673553805,263.4408949452894,0
-119.36253509466037,49.442651424181534,69.91988367047874,264.3434577865759,4.520642434915639,1.1608561852532776e-14,84.81505506408328,63.05380512303021,0.12042616229058163,264.3434577865759,0
-119.53444251362686,51.16038599072641,68.37405652290043,265.2472527551394,4.520652798760436,6.485975340149269e-15,84.81524950770049,63.13977859209813,0.12029955109960254,265.2472527551394,0
-119.6767807213518,52.86771147678819,66.80906924456353,266.1522785555711,4.5206631517091065,4.8644815051119514e-15,84.81544374688755,63.22566167214174,0.12017307302250416,266.1522785555711,0
-119.78939218197044,54.56414649259295,65.22524568937747,267.05853389382423,4.520673493773105,2.538138104208807e-15,84.81563778185938,63.311454458192394,0.12004672791933327,267.05853389382423,0
-119.87212657554473,56.249209485881025,63.622917089663616,267.9660174772125,4.520683824963878,4.1240496274069185e-15,84.81583161283072,63.397157045181544,0.1199205156502905,267.9660174772125,0
-119.92484090677523,57.92241888818184,62.00242201859339,268.87472801440873,4.520694145292854,1.9828141959300323e-15,84.81602524001602,63.48276952794083,0.11979443607571592,268.87472801440873,0
-119.94739961236152,59.58329326259651,60.36410634976501,269.78466421544334,4.5207044547714546,3.7075566961978376e-15,84.81621866362954,63.568292001202195,0.1196684890561014,269.78466421544334,0
-119.93967466695601,61.23135145305121,58.70832321390471,270.695824791703,4.520714753411086,1.6704444975232217e-15,84.8164118838853,63.653724559597975,0.11954267445208326,270.695824791703,0
-119.90154568765601,62.866112734984654,57.03543295267136,271.6082084559292,4.5207250412231454,1.2528333731424162e-15,84.81660490099709,63.73906729766102,0.11941699212444565,271.6082084559292,0
-119.8329000369788,64.48709696742894,55.34580306954977,272.5218139222167,4.520735318219015,9.396250298568122e-16,84.81679771517851,63.8243203098248,0.11929144193411775,272.5218139222167,0
-119.7336329242642,66.09382474644678,53.639808177817315,273.43663990601243,4.520745584410067,-1.515727276857704e-15,84.81699032664291,63.90948369042348,0.1191660237421763,273.43663990601243,0
-119.60364750544937,67.68581755988082,51.917829945568464,274.3526851241136,4.520755839807663,-1.136795457643278e-15,84.81718273560342,63.99455753369206,0.11904073740984537,274.3526851241136,0
-119.44285498116017,69.2625979433768,50.18025703778326,275.26994829466656,4.520766084423148,1.3678494560178542e-15,84.81737494227293,64.07954193376646,0.11891558279848999,275.26994829466656,0
-119.25117469306352,70.8236896376349,48.4274850554286,276.18842813716554,4.520776318267859,3.2463331412637038e-15,84.81756694686415,64.16443698468365,0.1187905597696258,276.18842813716554,0
-119.02853421842538,72.36861774684523,46.65991647158015,277.1081233724509,4.520786541353121,2.434749855947778e-15,84.8177587495895,64.24924278038169,0.11866566818491261,277.1081233724509,0
-118.77486946281849,73.89690889826576,44.87796056455262,278.0290327227078,4.520796753690244,5.156731465836303e-15,84.81795035066125,64.33395941469993,0.11854090790615426,278.0290327227078,0
-118.49012475092448,75.40809140289244,43.08203334803202,278.95115491146504,4.520806955290531,3.867548599377227e-15,84.81814175029137,64.41858698137902,0.118416278795302,278.95115491146504,0
-118.17425291537522,76.90169541717631,41.27255749819889,279.87448866359324,4.5208171461652675,2.9006614495329204e-15,84.81833294869169,64.50312557406107,0.11829178071445082,279.87448866359324,0
-117.82721538357741,78.3772531057411,39.44996227783622,280.7990327053037,4.520827326325731,-4.494996210062268e-17,84.81852394607374,64.58757528628975,0.11816741352584006,280.7990327053037,0
-117.44898226246568,79.83429880504953,37.61468345741614,281.72478576414704,4.5208374957831845,-3.3643815454509367e-15,84.81871474264887,64.67193621151036,0.11804317709185516,281.72478576414704,0
-117.03953242112883,81.27236918796925,35.7671632331595,282.65174656901155,4.520847654548883,-3.633509183713359e-15,84.81890533862821,64.75620844306995,0.11791907127502738,282.65174656901155,0
-116.59885357125411,82.69100342918938,33.907850142064746,283.579913850122,4.520857802634068,-2.725131887785019e-15,84.81909573422266,64.84039207421748,0.11779509593803106,283.579913850122,0
-116.12694234533551,84.08974337143093,32.037198973904495,284.5092863390381,4.520867940049965,-2.043848915838764e-15,84.81928592964287,64.9244871981038,0.11767125094368247,284.5092863390381,0
-115.62380437259009,85.46813369240446,30.155670680185548,285.43986276865314,4.520878066807795,-3.7533327361293854e-15,84.81947592509934,65.00849390778188,0.11754753615494776,285.43986276865314,0
-115.08945435252956,86.82572207245504,28.263732280074446,286.37164187319263,4.520888182918761,-5.59055711365993e-15,84.81966572080228,65.09241229620685,0.11742395143493294,286.37164187319263,0
-114.52391612613206,88.16205936284287,26.361856763289097,287.30462238821286,4.520898288394058,-8.078698421432995e-15,84.81985531696169,65.17624245623607,0.1173004966468881,287.30462238821286,0
-113.92722274456064,89.47669975460386,24.450522989956703,288.2388030505995,4.520908383244867,-6.059023816074747e-15,84.82004471378738,65.25998448062931,0.11717717165420925,288.2388030505995,0
-113.29941653537513,90.76920094793147,22.53021558744366,289.1741825985662,4.5209184674823595,-5.654490886681217e-15,84.82023391148891,65.34363846204883,0.11705397632043434,289.1741825985662,0
-112.64054916618414,92.03912432202351,20.60142484416055,290.11075977165314,4.520928541117693,-9.791983288136694e-15,84.82042291027567,65.42720449305943,0.1169309105092459,290.11075977165314,0
-111.95068170568433,93.28603510533591,18.66464660034833,291.0485333107259,4.520938604162014,-1.067465653997799e-14,84.82061171035673,65.51068266612862,0.1168079740844673,291.0485333107259,0
-111.22988468203526,94.50950254618152,16.72038213585372,291.98750195797356,4.520948656626457,-9.671326941921227e-15,84.82080031194103,65.59407307362666,0.11668516691006797,291.98750195797356,0
-110.47823813851669,95.70910008361649,14.76913805490019,292.9276644569079,4.520958698522146,-1.058416428031639e-14,84.82098871523726,65.67737580782673,0.11656248885015957,292.9276644569079,0
-109.69583168641883,96.88440551855055,12.811426167868202,293.8690195523615,4.520968729860193,-9.325901991018739e-15,84.8211769204539,65.760590960905,0.11643993976899589,293.8690195523615,0
-108.88276455511182,98.03500118502195,10.847763370089792,294.81156599048677,4.520978750651697,-1.0047539810983235e-14,84.82136492779918,65.8437186249407,0.11631751953097448,294.81156599048677,0
-108.03914563924754,99.16047412156986,8.878671517677605,295.7553025187542,4.520988760907746,-1.1976546956738052e-14,84.82155273748116,65.92675889191628,0.1161952280006338,295.7553025187542,0
-107.16509354304003,100.26041624264566,6.904677300394336,296.7002278859512,4.520998760639417,-1.175796777911643e-14,84.82174034970764,66.00971185371745,0.11607306504265662,296.7002278859512,0
-106.26073662157872,101.33442450999411,4.926312111584589,297.6463408421807,4.521008749857776,-1.3536923688994239e-14,84.82192776468624,66.09257760213335,0.11595103052186809,297.6463408421807,0
-105.32621301912273,102.38210110394236,2.9441119151803137,298.5936401388596,4.521018728573875,-1.292825032830857e-14,84.82211498262429,66.1753562288566,0.11582912430323285,298.5936401388596,0
-104.3616707043312,103.40305359452859,0.9586171098025404,299.54212452871764,4.521028696798755,-1.2541134246833391e-14,84.82230200372899,66.25804782548342,0.1157073462518594,299.54212452871764,0
-103.36726750237881,104.39689511240451,-1.0296276100257191,300.4917927657958,4.521038654543449,-1.3534492557949844e-14,84.82248882820728,66.34065248351372,0.1155856962329999,300.4917927657958,0
-102.34317112391294,105.36324451944384,-3.0200733955309773,301.44264360544514,4.521048601818972,-1.7297930139486827e-14,84.8226754562659,66.42317029435124,0.1154641741120438,301.44264360544514,0
-101.28955919080448,106.30172657898903,-5.01216738818461,302.3946758043251,4.521058538636333,-1.6859228190803166e-14,84.8228618881113,66.50560134930359,0.11534277975452562,302.3946758043251,0
-100.20661925864759,107.21197212566658,-7.00535286701905,303.3478881204025,4.521068465006526,-1.7501646875837435e-14,84.82304812394983,66.5879457395824,0.11522151302611952,303.3478881204025,0
-99.09454883596439,108.09361823470135,-8.999069398737035,304.3022793129498,4.521078380940535,-1.964879542655087e-14,84.82323416398752,66.67020355630338,0.11510037379264093,304.3022793129498,0
-97.95355540006985,108.94630839066097,-10.992752990591127,305.25784814254405,4.521088286449333,-2.1397934717664093e-14,84.82342000843026,66.75237489048648,0.11497936192004811,305.25784814254405,0
-96.78385640955531,109.76969265555725,-12.98583624600195,306.2145933710654,4.521098181543881,-2.6873125528343345e-14,84.82360565748368,66.83445983305594,0.11485847727443843,306.2145933710654,0
-95.5856793133476,110.56342783623546,-14.977748522887879,307.1725137616956,4.521108066235125,-2.7093738050164735e-14,84.82379111135319,66.91645847484041,0.11473771972204917,307.1725137616956,0
-94.35926155630338,111.32717765097779,-16.967916094674443,308.13160807891677,4.521117940534006,-2.4761195636124177e-14,84.82397637024401,66.99837090657302,0.11461708912926176,308.13160807891677,0
-93.10485058129794,112.06061289524901,-18.955762313951134,309.09187508851005,4.521127804451449,-2.1346454288656025e-14,84.82416143436114,67.08019721889154,0.11449658536259627,309.09187508851005,0
-91.82270382777048,112.76341160651153,-20.94070777874109,310.0533135575542,4.521137657998368,-1.7120063741117174e-14,84.82434630390935,67.16193750233843,0.11437620828871037,310.0533135575542,0
-90.51308872668555,113.43525922803552,-22.922170501349978,311.01592225442414,4.521147501185667,-1.7836051416651084e-14,84.8245309790932,67.24359184736097,0.11425595777440634,311.01592225442414,0
-89.17628269187642,114.07584877163067,-24.89956607975429,311.97969994878974,4.521157334024239,-1.7817930660988938e-14,84.82471546011705,67.32516034431134,0.11413583368662546,311.97969994878974,0
-87.81257310773078,114.68488097922511,-26.872307871494346,312.9446454116143,4.521167156524961,-1.8359451606554908e-14,84.82489974718501,67.40664308344672,0.11401583589244531,312.9446454116143,0
-86.42225731318705,115.26206448321554,-28.839807170028532,313.91075741515345,4.521176968698704,-1.7655369291104228e-14,84.82508384050101,67.48804015492941,0.11389596425908753,313.91075741515345,0
-85.00564258200528,115.80711596551468,-30.801473383509435,314.87803473295344,4.521186770556324,-1.324152696832817e-14,84.82526774026874,67.56935164882691,0.11377621865391058,314.87803473295344,0
-83.56304609928017,116.31976031521917,-32.75671421593905,315.8464761398501,4.521196562108669,-1.2706702787809018e-14,84.82545144669172,67.65057765511203,0.11365659894441577,315.8464761398501,0
-82.09479493416536,116.79973078482243,-34.7049358506571,316.8160804119672,4.521206343366572,-1.5081142213982547e-14,84.8256349599732,67.73171826366298,0.11353710499824005,316.8160804119672,0
-80.60122600877743,117.24676914489608,-36.645543136118654,317.7868463267154,4.521216114340856,-1.5751748758987535e-14,84.82581828031624,67.81277356426348,0.11341773668316026,317.7868463267154,0
-79.0826860632512,117.66062583716311,-38.57793977391196,318.7587726627907,4.521225875042333,-2.4026264840117373e-14,84.8260014079237,67.89374364660286,0.11329849386709387,318.7587726627907,0
-77.53953161691854,118.04106012588632,-40.501528508967816,319.731858200173,4.521235625481805,-2.5791259802464124e-14,84.82618434299822,67.97462860027613,0.11317937641809699,319.731858200173,0
-75.97212892558258,118.38784024749414,-42.41571132191157,320.70610172012505,4.52124536567006,-2.4894559974973875e-14,84.8263670857422,68.05542851478415,0.11306038420436344,320.70610172012505,0
-74.38085393486385,118.70074355836762,-44.31988962350379,321.68150200519085,4.5212550956178745,-2.8662927202856817e-14,84.82654963635787,68.13614347953364,0.11294151709422447,321.68150200519085,0
-72.76609222959291,118.9795566807104,-46.213464451117495,322.65805783919444,4.521264815336016,-2.926875657451871e-14,84.8267319950472,68.21677358383735,0.11282277495615223,322.65805783919444,0
-71.12823897922765,119.22407564642421,-48.09583666719656,323.63576800723837,4.521274524835238,-2.861290557863997e-14,84.82691416201197,68.29731891691411,0.11270415765875513,323.63576800723837,0
-69.4676988792728,119.43410603891273,-49.96640715963996,324.6146312957026,4.521284224126287,-2.4790348257855445e-14,84.8270961374538,68.37777956788894,0.11258566507078219,324.6146312957026,0
-67.78488608868341,119.60946313273546,-51.82457704405206,325.5946464922431,4.521293913219894,-2.1923430267267053e-14,84.82727792157401,68.45815562579318,0.11246729706111927,325.5946464922431,0
-66.08022416323293,119.74997203103419,-53.669747867801306,326.57581238579024,4.521303592126781,-1.7552795725075446e-14,84.82745951457375,68.53844717956459,0.11234905349878889,326.57581238579024,0
-64.35414598482858,119.85546780065486,-55.501321815826316,327.55812776654784,4.5213132608576565,-1.2054373769181427e-14,84.82764091665396,68.61865431804735,0.1122309342529519,327.55812776654784,0
-62.607093686759455,119.92579560488608,-57.31870191812665,328.54159142599156,4.521322919423219,-1.570211847463701e-14,84.82782212801537,68.6987771299923,0.11211293919290648,328.54159142599156,0
-60.83951857486301,119.96081083373788,-59.121292258874895,329.52620215686767,4.521332567834158,-1.3997034905228071e-14,84.8280031488585,68.77881570405694,0.11199506818809052,329.52620215686767,0
-59.051881044597415,119.96037923168241,-60.908498187085016,330.5119587531917,4.521342206101148,-1.160799920354621e-14,84.82818397938364,68.85877012880557,0.11187732110807712,330.5119587531917,0
-57.244650494009704,119.92437702277981,-62.679726528770125,331.4988600102472,4.521351834234854,-1.0926445451909971e-14,84.82836461979088,68.93864049270938,0.11175969782257439,331.4988600102472,0
-55.418305232589134,119.85269103311197,-64.43438580052285,332.4869047245842,4.521361452245929,-5.9743880396821656e-15,84.8285450702801,69.01842688414652,0.11164219820143156,332.4869047245842,0
-53.57333238600042,119.74521881044731,-66.17188642444691,333.47609169401795,4.521371060145018,-7.811460103637093e-15,84.828725331051,69.09812939140225,0.11152482211463348,333.47609169401795,0
-51.71022779668823,119.60186874106,-67.89164094437177,334.46641971762773,4.521380657942751,-9.189264151603289e-15,84.82890540230302,69.17774810266901,0.11140756943230039,334.46641971762773,0
-49.82949592035082,119.42256016362735,-69.59306424327654,335.4578875957554,4.521390245649749,-1.0222617187577935e-14,84.82908528423543,69.25728310604651,0.11129044002469138,335.4578875957554,0
-47.93164971828032,119.20722348012958,-71.27557376184929,336.450494130004,4.521399823276619,-1.876919313693502e-14,84.82926497704726,69.33673448954183,0.11117343376219804,336.450494130004,0
-46.01721054556595,118.95580026367594,-72.93858971811001,337.4442381232367,4.52140939083396,-1.9628009975827045e-14,84.82944448093734,69.41610234106952,0.1110565505153514,337.4442381232367,0
-44.08670803516659,118.66824336318284,-74.5815353280163,338.43911837957506,4.521418948332358,-1.916189958037091e-14,84.82962379610429,69.49538674845172,0.11093979015481728,338.43911837957506,0
-42.14067997784819,118.34451700482828,-76.20383702698012,339.43513370439814,4.5214284957823905,-1.9922539808403965e-14,84.82980292274654,69.57458779941823,0.11082315255139973,339.43513370439814,0
-40.17967219799867,117.9845968902095,-77.80492469221088,340.43228290434087,4.521438033194619,-1.4941904856302973e-14,84.82998186106228,69.6537055816066,0.11070663757603467,340.43228290434087,0
-38.20423842531886,117.58847029112934,-79.38423186581049,341.4305647872929,4.5214475605796,-8.985982592976917e-15,84.83016061124953,69.73274018256225,0.1105902450997977,341.4305647872929,0
-36.2149401624027,117.15613614093843,-80.94119597853577,342.4299781623971,4.521457077947874,-6.739486944732688e-15,84.83033917350608,69.81169168973857,0.11047397499389774,342.4299781623971,0
-34.21234654821615,116.6876051223617,-82.47525857414557,343.43052184004847,4.521466585309971,-5.054615208549516e-15,84.83051754802948,69.89056019049698,0.11035782712967869,343.43052184004847,0
-32.19703421748316,116.18289975173559,-83.98586553425248,344.4321946318927,4.521476082676413,-1.5705153571618246e-15,84.83069573501713,69.96934577210709,0.11024180137862093,344.4321946318927,0
-30.169587155997196,115.64205445958706,-85.47246730358988,345.4349953508248,4.521485570057709,-5.6187786163719944e-15,84.8308737346662,70.04804852174672,0.11012589761234044,345.4349953508248,0
-28.13059655187065,115.06511566748193,-86.9345191156113,346.43892281098795,4.521495047464355,2.2680813622163056e-16,84.83105154717364,70.12666852650206,0.11001011570258587,346.43892281098795,0
-26.080660642740533,114.45214186107503,-88.37148121833452,347.443975827772,4.521504514906841,-4.270785996334403e-15,84.83122917273623,70.20520587336772,0.10989445552124465,347.443975827772,0
-24.020384558951147,113.80320365929182,-89.78281910034066,348.4501532178123,4.521513972395641,-5.423535546501115e-15,84.83140661155049,70.28366064924685,0.10977891694033483,348.4501532178123,0
-21.95038016273253,113.11838387957428,-91.16800371684177,349.4574537989884,4.52152341994122,-1.8472056106255236e-15,84.83158386381275,70.36203294095127,0.10966349983201025,349.4574537989884,0
-19.871265883401243,112.39777759912486,-92.52651171572366,350.4658763904225,4.521532857554033,-5.8262963064697685e-15,84.83176092971918,70.44032283520147,0.1095482040685613,350.4658763904225,0
-17.78366654860658,111.64149221208059,-93.85782566347402,351.47541981247855,4.521542285244521,-4.369722229852326e-15,84.83193780946569,70.51853041862682,0.10943302952240853,351.47541981247855,0
-15.688213211650332,110.84964748255476,-95.16143427090442,352.4860828867605,4.521551703023117,-5.497737721639558e-15,84.83211450324796,70.59665577776558,0.10931797606611045,352.4860828867605,0
-13.585542974909272,110.02237559347996,-96.4368326185707,353.4978644361115,4.521561110900241,-7.453972365105139e-15,84.83229101126156,70.67469899906503,0.10920304357235727,353.4978644361115,0
-11.47629880939267,109.15982119119145,-97.68352238179877,354.51076328461204,4.521570508886305,-6.700702298454011e-15,84.83246733370179,70.75266016888158,0.10908823191397508,354.51076328461204,0
-9.36112937046668,108.26214142568762,-98.90101205522096,355.52477825757904,4.521579896991708,-7.245972773090822e-15,84.83264347076374,70.83053937348083,0.10897354096392219,355.52477825757904,0
-7.240688809781853,107.32950598650763,-100.08881717672578,356.53990818156444,4.521589275226836,-6.544702604443273e-15,84.83281942264232,70.90833669903769,0.10885897059528984,356.53990818156444,0
-5.115636583442666,106.36209713416794,-101.24646055072529,357.5561518843539,4.521598643602067,-6.018749977957611e-15,84.83299518953221,70.98605223163648,0.10874452068130395,357.5561518843539,0
-2.986637256454918,105.36010972709626,-102.37347247064137,358.5735081949654,4.521608002127768,-3.4038394588430513e-15,84.83317077162792,71.06368605727098,0.10863019109532383,358.5735081949654,0
-0.8543603034967807,104.32375124401031,-103.46939094051353,359.59197594364827,4.521617350814295,-4.7733256433826014e-15,84.83334616912373,71.14123826184462,0.10851598171084231,359.59197594364827,0
1.280520093945218,103.25324180168258,-104.53376189562779,0.6115539618813841,4.521626689671989,-4.690217257162108e-15,84.83352138221369,71.21870893117045,0.1084018924014809,0.6115539618813841,0
3.417325254029294,102.14881416803868,-105.56613942206802,1.6322410823723668,4.521636018711188,-3.517662942871581e-15,84.83369641109171,71.29609815097135,0.10828792304100139,1.6322410823723668,0
5.555372204552341,101.01071377053565,-106.56608597508803,2.6540361390559957,4.521645337942212,-7.079139305654312e-15,84.83387125595145,71.37340600688002,0.10817407350329222,2.6540361390559957,0
7.693973896434877,99.83919869976928,-107.53317259620417,3.6769379670930187,4.5216546473753745,-6.419577503865891e-15,84.83404591698638,71.45063258443919,0.10806034366237735,3.6769379670930187,0
9.832439420645128,98.63453970826096,-108.46697912890606,4.700945402868848,4.521663947020976,-4.814683127899418e-15,84.83422039438979,71.52777796910162,0.10794673339241237,4.700945402868848,0
11.97007422850821,97.39702020437507,-109.36709443288325,5.726057283992274,4.521673236889306,-1.3905662966742503e-15,84.8343946883547,71.60484224623023,0.10783324256768545,5.726057283992274,0
14.106180355344144,96.12693624132102,-110.23311659666517,6.752272449294176,4.521682516990644,6.729830211946872e-17,84.834568799074,71.6818255010982,0.10771987106261528,6.752272449294176,0
16.240056647376576,94.82459650119436,-111.06465314857091,7.779589738826241,4.521691787335262,1.160696751214758e-15,84.83474272674036,71.75872781888906,0.10760661875175716,7.779589738826241,0
18.370998991851813,93.49032227401354,-111.86132126586534,8.808007993859677,4.521701047933412,-2.3970046121408794e-16,84.8349164715462,71.83554928469675,0.10749348550979132,8.808007993859677,0
20.498300550305842,92.12444743171122,-112.62274798201702,9.837526056883936,4.5217102987953455,3.1508937279649037e-15,84.83509003368378,71.9122899835258,0.10738047121153609,9.837526056883936,0
22.621251994914747,90.72731839703944,-113.34857039195418,10.868142771605427,4.521719539931298,4.583616345223991e-15,84.83526341334517,71.98895000029133,0.10726757573193887,10.868142771605427,0
24.739141747862156,89.29929410735113,-114.03843585521325,11.89985698294624,4.521728771351493,4.547935283543149e-15,84.8354366107222,72.06552941981919,0.10715479894607684,11.89985698294624,0
26.851256223654946,87.84074597322105,-114.69200219687596,12.932667537042867,4.521737993066147,3.410951462657362e-15,84.83560962600652,72.14202832684606,0.10704214072916128,12.932667537042867,0
28.956880074316636,86.35205783187209,-115.30893790618872,13.966573281244926,4.521747205085465,4.778659646243334e-15,84.83578245938958,72.21844680601953,0.10692960095653388,13.966573281244926,0
31.055296437385614,84.83362589537434,-115.88892233275995,15.001573064113884,4.521756407419637,6.9146638085579705e-15,84.8359551110626,72.29478494189817,0.10681717950366566,15.001573064113884,0
33.145787186643645,83.28585869358592,-116.43164588022957,16.037665735421783,4.521765600078848,8.516666930293947e-15,84.83612758121666,72.37104281895168,0.1067048762461622,16.037665735421783,0
35.2276331854977,81.70917701180728,-116.93681019730498,17.07485014614997,4.52177478307327,8.607946246970774e-15,84.83629987004258,72.44722052156094,0.10659269105975638,17.07485014614997,0
37.30011454293628,80.10401382312214,-117.4041283660584,18.113125148487825,4.521783956413063,4.7906251482903455e-15,84.83647197773101,72.5233181340181,0.10648062382031256,18.113125148487825,0
39.36251087197949,78.4708142154005,-117.83332508737993,19.152489595831486,4.521793120108378,4.148080373530337e-15,84.83664390447238,72.59933574052673,0.10636867440382754,19.152489595831486,0
41.414101550539996,76.8100353129412,-118.22413686348118,20.192942342782587,4.521802274169354,8.107063890960959e-15,84.83681565045693,72.67527342520182,0.10625684268642481,20.192942342782587,0
43.454165984610086,75.12214619273391,-118.576312177344,21.23448224514698,4.521811418606122,1.0521190016721345e-14,84.8369872158747,72.75113127206996,0.10614512854436266,21.23448224514698,0
45.48198387368801,73.40762779532139,-118.88961166900935,22.27710815993349,4.521820553428799,1.1221561586416479e-14,84.83715860091554,72.82690936506938,0.10603353185402589,22.27710815993349,0
47.49683547835491,71.66697283024705,-119.16380830860196,23.320818945352627,4.521829678647492,1.1746840263687828e-14,84.83732980576909,72.90260778805008,0.1059220524919301,23.320818945352627,0
49.49800188991174,69.9006856760738,-119.39868756598553,24.365613460815332,4.521838794272302,1.1585687759328763e-14,84.8375008306248,72.97822662477388,0.10581069033472336,24.365613460815332,0
51.484765301983494,68.10928227496156,-119.59404757694506,25.411490566931718,4.521847900313312,9.799488844121728e-15,84.8376716756719,73.05376595891457,0.10569944525917896,25.411490566931718,0
53.456409283996415,66.29329002179584,-119.74969930579225,26.458449125509805,4.5218569967806,1.0402729950810477e-14,84.83784234109943,73.12922587405792,0.10558831714220321,26.458449125509805,0
55.412219056431844,64.45324764785887,-119.8654667042907,27.506487999554267,4.521866083684229,1.0855160780827038e-14,84.83801282709622,73.20460645370186,0.10547730586082828,27.506487999554267,0
57.35148176775847,62.58970509903976,-119.94118686679822,28.55560605326516,4.521875161034257,1.2027151171808327e-14,84.83818313385096,73.27990778125651,0.10536641129222171,28.55560605326516,0
59.27348677294303,60.70322340858087,-119.97671018152387,29.60580215203668,4.521884228840725,9.922419586364184e-15,84.83835326155206,73.35512994004434,0.10525563331367303,29.60580215203668,0
61.17752591343782,58.794374564360815,-119.97190047779861,30.657075162455904,4.521893287113669,1.1587803797357708e-14,84.83852321038779,73.43027301330015,0.10514497180260594,30.657075162455904,0
63.06289379854113,56.863741370716824,-119.92663516925792,31.709423952301524,4.521902335863112,1.219499426949143e-14,84.8386929805462,73.50533708417129,0.10503442663657123,31.709423952301524,0
64.92888808802577,54.911917304811226,-119.84080539283697,32.76284739054261,4.521911375099067,1.4281027191009922e-14,84.83886257221513,73.58032223571765,0.10492399769324823,32.76284739054261,0
66.77480977592825,52.9395063675501,-119.71431614347831,33.817344347337354,4.521920404831534,1.737210854100838e-14,84.83903198558225,73.65522855091181,0.10481368485044477,33.817344347337354,0
68.59996347539023,50.947122929063795,-119.54708640445403,34.872913694031816,4.521929425070507,1.8025085016569488e-14,84.83920122083502,73.73005611263915,0.1047034879860979,34.872913694031816,0
70.40365770444178,48.9353915687625,-119.33904927320421,35.929554303158675,4.521938435825965,1.9902596154021768e-14,84.8393702781607,73.80480500369785,0.10459340697827194,35.929554303158675,0
72.18520517261436,46.9049469099812,-119.09015208259557,36.98726504843599,4.5219474371078805,1.8535171945548085e-14,84.83953915774634,73.87947530679908,0.10448344170516102,36.98726504843599,0
73.94392306827055,44.856433449233435,-118.80035651750393,38.04604480476593,4.521956428926211,2.0562717106912002e-14,84.83970785977883,73.95406710456703,0.10437359204508452,38.04604480476593,0
75.67913334653448,42.7905053800921,-118.46963872662654,39.10589244823357,4.52196541129091,2.0418041440997204e-14,84.83987638444484,74.02858047953902,0.10426385787649398,39.10589244823357,0
77.39016301770734,40.70782641172291,-118.09798942943017,40.1668068561056,4.521974384211913,1.9754423179248528e-14,84.84004473193083,74.1030155141656,0.10415423907796502,40.1668068561056,0
79.07634443604927,38.60906958209393,-117.68541401814315,41.228786906829136,4.521983347699151,1.7036263433686708e-14,84.84021290242309,74.17737229081067,0.10404473552820241,41.228786906829136,0
80.73701558880859,36.4949170658914,-117.23193265469996,42.29183148003042,4.52199230176254,2.1103870259953704e-14,84.8403808961077,74.25165089175147,0.10393534710603741,42.29183148003042,0
82.37152038537677,34.36605997717185,-116.73758036254857,43.35593945651362,4.52200124641199,2.193412933040364e-14,84.84054871317055,74.32585139917877,0.10382607369043018,43.35593945651362,0
83.97920894644777,32.223198166784904,-116.20240711323265,44.421109718259586,4.522010181657398,2.0336377583990775e-14,84.84071635379735,74.39997389519695,0.10371691516046881,44.421109718259586,0
85.55943789305755,30.067040014603258,-115.62647790766076,45.48734114842461,4.522019107508652,2.191362133574402e-14,84.84088381817358,74.47401846182403,0.10360787139536647,45.48734114842461,0
87.11157063537891,27.898302216598868,-115.0098728519777,46.554632631339175,4.5220280239756265,2.3096554149558952e-14,84.84105110648454,74.54798518099183,0.10349894227446303,46.554632631339175,0
88.63497766114632,25.7177095668077,-114.35268722795396,47.62298305250675,4.522036931068188,2.0653084686044684e-14,84.84121821891534,74.621874134546,0.10339012767722587,47.62298305250675,0
90.12903682358252,23.525994734227993,-113.65503155781047,48.69239129860252,4.522045828796194,2.326137468690961e-14,84.84138515565091,74.69568540424618,0.10328142748325148,48.69239129860252,0
91.59313362869909,21.32389803469925,-112.91703166339829,49.7628562574722,4.522054717169488,2.299714613830799e-14,84.84155191687594,74.76941907176601,0.10317284157225902,49.7628562574722,0
93.02666152184163,19.112167197812457,-112.13882871965404,50.83437681813076,4.522063596197906,2.3909197751481932e-14,84.84171850277498,74.84307521869327,0.10306436982409656,50.83437681813076,0
94.4290221733487,16.891557128905095,-111.32057930225373,51.90695187076121,4.5220724658912745,2.126256738748692e-14,84.84188491353235,74.91665392653,0.102956012118739,51.90695187076121,0
95.79962576319328,14.662829666196544,-110.46245542938976,52.98058030671341,4.522081326259406,2.2608263688366127e-14,84.84205114933219,74.9901552766925,0.10284776833628534,52.98058030671341,0
97.1378912644744,12.4267533331228,-109.56464459759721,54.05526101850276,4.522090177312104,2.5837981963275847e-14,84.84221721035843,75.06357935051152,0.10273963835696032,54.05526101850276,0
98.4432467256257,10.184103085932337,-108.627349811558,55.13099289980907,4.522099019059166,2.8260270669458136e-14,84.84238309679485,75.13692622923226,0.10263162206111953,55.13099289980907,0
99.71512955120626,7.935660056607012,-107.65078960781322,56.20777484547527,4.52210785151037,2.785654114984454e-14,84.84254880882496,75.21019599401453,0.10252371932923605,56.20777484547527,0
100.95298678114007,5.682211291175958,-106.63519807231599,57.2856057515062,4.522116674675495,2.644352098550919e-14,84.84271434663216,75.2833887259328,0.102415930041918,57.2856057515062,0
102.15627536826727,3.4245494834921653,-105.58082485175937,58.36448451506742,4.5221254885643,2.5383755862257673e-14,84.84287971039963,75.3565045059763,0.10230825407989155,58.36448451506742,0
103.32446245407156,1.163472704544542,-104.48793515861605,59.44441003448394,4.52213429318654,2.4588932019819037e-14,84.84304490031032,75.42954341504912,0.10220069132401229,59.44441003448394,0
104.45702564244718,-1.1002158726184346,-103.3568097698287,60.52538120923903,4.522143088551956,2.6213260187240373e-14,84.84320991654701,75.5025055339703,0.10209324165525803,60.52538120923903,0
105.55345327136756,-3.365708252275555,-102.18774501909199,61.60739693997302,4.522151874670281,2.4100837238930904e-14,84.84337475929233,75.57539094347386,0.10198590495473574,61.60739693997302,0
106.61324468231821,-5.632191899648215,-100.98105278266999,62.69045612848204,4.5221606515512365,2.5847189101574273e-14,84.84353942872865,75.64819972420901,0.10187868110367339,62.69045612848204,0
107.63591048735549,-7.898850028660606,-99.73706045869484,63.774557677716835,4.522169419204536,2.4936506949306486e-14,84.8437039250382,75.72093195674012,0.10177156998342785,63.774557677716835,0
108.6209728336526,-10.164861893757974,-98.45611093989456,64.85970049178155,4.522178177639879,2.2033049285855335e-14,84.84386824840298,75.79358772154687,0.1016645714754767,64.85970049178155,0
109.56796566539391,-12.429403085692362,-97.13856257970151,65.9458834759325,4.522186926866958,2.207590208751728e-14,84.84403239900483,75.86616709902434,0.10155768546142437,65.9458834759325,0
110.47643498287883,-14.691645831184447,-95.78478915169435,67.03310553657697,4.522195666895454,2.32182647133889e-14,84.84419637702541,75.93867016948306,0.10145091182300013,67.03310553657697,0
111.3459390986953,-16.95075929636604,-94.3951798023292,68.121365581272,4.522204397735038,2.4075036682792612e-14,84.84436018264611,76.01109701314915,0.10134425044205543,68.121365581272,0
112.17604889082428,-19.20590989390469,-92.97013899691952,69.2106625187232,4.522213119395371,2.4717615659845397e-14,84.84452381604822,76.08344771016438,0.101237701200568,69.2106625187232,0
112.96634805253544,-21.45626159371043,-91.51008645882494,70.3009952587835,4.522221831886103,2.5199549892634988e-14,84.84468727741282,76.15572234058624,0.10113126398063926,70.3009952587835,0
113.7164333389345,-23.70097623712094,-90.01545710181345,71.39236271245198,4.522230535216875,2.1120108468726555e-14,84.84485056692073,76.22792098438806,0.10102493866449311,71.39236271245198,0
114.42591481002356,-25.939213854459158,-88.48670095556434,72.48476379187267,4.522239229397317,2.0280973450045542e-14,84.84501368475267,76.30004372145912,0.10091872513447944,72.48476379187267,0
115.09441607013491,-28.170132985854764,-86.92428308428012,73.57819741033327,4.522247914437051,1.9651622186034784e-14,84.84517663108913,76.37209063160468,0.10081262327307129,73.57819741033327,0
115.72157450359961,-30.392891005217724,-85.3286834983818,74.67266248226406,4.522256590345685,2.3620500836527342e-14,84.84533940611041,76.44406179454609,0.10070663296286385,74.67266248226406,0
116.30704150651233,-32.606644447251064,-83.7003970592612,75.76815792323661,4.522265257132819,2.2156267725896133e-14,84.84550200999661,76.51595728992089,0.10060075408657605,75.76815792323661,0
116.85048271445464,-34.810549337384565,-82.03993337707003,76.86468264996266,4.522273914808045,2.1058092892922725e-14,84.84566444292767,76.5877771972829,0.10049498652705226,76.86468264996266,0
117.35157822603854,-37.00376152451197,-80.34781670152654,77.96223558029281,4.522282563380942,1.8014015718942355e-14,84.84582670508334,76.6595215961023,0.10038933016725855,77.96223558029281,0
117.81002282213342,-39.18543701640882,-78.62458580572458,79.06081563321544,4.52229120286108,2.0171849936957706e-14,84.84598879664316,76.7311905657657,0.10028378489028433,79.06081563321544,0
118.22552618064036,-41.35473231770792,-76.87079386293242,80.16042172885544,4.522299833258018,1.9569779551218906e-14,84.84615071778646,76.80278418557629,0.10017835057934044,80.16042172885544,0
118.59781308667714,-43.51080477030457,-75.08700831637252,81.26105278847305,4.522308454581306,1.6897780712664494e-14,84.84631246869242,76.87430253475382,0.10007302711776074,81.26105278847305,0
118.92662363803956,-45.65281289606352,-73.27381074197596,82.36270773446263,4.5223170668404835,1.267333553449837e-14,84.84647404954003,76.94574569243481,0.09996781438900477,82.36270773446263,0
119.21171344580434,-47.779916741695764,-71.43179670410855,83.46538549035152,4.522325670045081,1.3945893749374404e-14,84.84663546050808,77.01711373767255,0.09986271227665215,83.46538549035152,0
119.45285382994095,-49.891278225671286,-69.56157560426959,84.5690849807988,4.522334264204617,1.2679866361281116e-14,84.84679670177518,77.08840674943721,0.09975772066440426,84.5690849807988,0
119.64983200979918,-51.98606148703238,-67.66377052276677,85.67380513159412,4.522342849328602,1.0620122795585993e-14,84.84695777351973,77.15962480661595,0.09965283943608676,85.67380513159412,0
119.80245128934196,-54.06343323596777,-65.73901805337412,86.77954486965653,4.522351425426535,9.075315121314651e-15,84.84711867591999,77.230767988013,0.09954806847564593,86.77954486965653,0
119.9105312369926,-56.12256310600847,-63.787968130984076,87.88630312303324,4.522359992507906,6.8064863409859875e-15,84.84727940915396,77.30183637234971,0.09944340766715024,87.88630312303324,0
119.97390785996828,-58.16262400770147,-61.81128385226675,88.99407882089851,4.522368550582194,8.43553382961496e-15,84.84743997339952,77.3728300382647,0.09933885689479115,88.99407882089851,0
119.99243377297134,-60.18279248361672,-59.80964128935455,90.10287089355238,4.52237709965887,8.547096421461533e-15,84.84760036883434,77.44374906431386,0.09923441604288122,90.10287089355238,0
119.96597836111268,-62.18224906454028,-57.78372929657233,91.21267827241957,4.522385639747393,9.74099138997162e-15,84.84776059563589,77.51459352897055,0.09913008499585392,91.21267827241957,0
119.89442793694224,-64.16017862670459,-55.73424931023761,92.32349989004823,4.522394170857212,1.1746635640979341e-14,84.84792065398146,77.5853635106256,0.09902586363826528,92.32349989004823,0
119.77768589146335,-66.11577074990483,-53.6619151415585,93.43533468010878,4.522402692997767,1.1030422779984819e-14,84.84808054404817,77.65605908758741,0.09892175185479106,93.43533468010878,0
119.61567283900895,-68.04822007634799,-51.56745276266091,94.54818157739277,4.522411206178489,1.0493263134238927e-14,84.84824026601294,77.72668033808206,0.09881774953023116,94.54818157739277,0
119.40832675586005,-69.95672667008029,-49.45160008577973,95.66203951781162,4.522419710408799,1.0090393399929509e-14,84.8483998200525,77.7972273402534,0.0987138565495049,95.66203951781162,0
119.15560311248811,-71.84049637683547,-47.315106735652584,96.77690743839554,4.522428205698104,7.567795049947131e-15,84.84855920634342,77.8677001721631,0.09861007279765187,96.77690743839554,0
118.85747499930447,-73.69874118414639,-45.15873381515804,97.89278427729226,4.522436692055806,3.4554002382100352e-15,84.84871842506203,77.93809891179077,0.09850639815983264,97.89278427729226,0
118.5139332458031,-75.53067958155857,-42.98325366424449,99.00966897376594,4.522445169491295,1.4813271540323703e-15,84.84887747638452,78.00842363703404,0.0984028325213295,99.00966897376594,0
118.12498653298346,-77.33553692078488,-40.78944961219851,100.12756046819591,4.522453638013952,2.2212183901494344e-15,84.8490363604869,78.07867442570864,0.0982993757675464,100.12756046819591,0
117.69066149894309,-79.11254577563692,-38.57811572330612,101.24645770207557,4.522462097633147,2.7761368172372324e-15,84.84919507754498,78.14885135554849,0.09819602778400421,101.24645770207557,0
117.21100283753236,-80.86094630156873,-36.350056535963574,102.36635961801119,4.522470548358242,4.302548662178237e-15,84.84935362773436,78.21895450420575,0.09809278845634878,102.36635961801119,0
116.68607338996436,-82.57998659466651,-34.10608679529782,103.48726515972072,4.522478990198585,2.116688472008522e-15,84.84951201123049,78.288983949251,0.09798965767034089,103.48726515972072,0
116.11595422927665,-84.26892304991547,-31.84703117936115,104.60917327203268,4.522487423163518,-6.32929695243922e-16,84.8496702282086,78.35893976817322,0.09788663531186502,104.60917327203268,0
115.50074473754361,-85.92702071857595,-29.57372401896766,105.73208290088492,4.522495847262375,-2.6951433206832546e-15,84.84982827884382,78.42882203837992,0.09778372126692662,105.73208290088492,0
114.84056267574003,-87.55355366449707,-27.287009011242915,106.85599299332351,4.522504262504476,-2.0213574905124407e-15,84.84998616331099,78.49863083719727,0.0976809154216483,106.85599299332351,0
114.13554424615998,-89.14780531919789,-24.987738926962052,107.98090249750153,4.5225126688991315,-5.9569102163849565e-15,84.85014388178483,78.5683662418701,0.09757821766227336,107.98090249750153,0
113.3858441472969,-90.70906883554134,-22.676775311755527,109.10681036267796,4.522521066455645,-7.243240223851608e-15,84.85030143443987,78.63802832956203,0.09747562787516467,109.10681036267796,0
112.59163562109399,-92.23664743982899,-20.35498818126493,110.23371553921646,4.5225294551833075,-8.207987729451598e-15,84.85045882145042,78.70761717735559,0.09737314594680468,110.23371553921646,0
111.75311049247648,-93.72985478214106,-18.02325571033542,111.36161697858424,4.522537835091399,-8.376436846339011e-15,84.85061604299061,78.77713286225223,0.09727077176379242,111.36161697858424,0
110.87047920108036,-95.18801528474569,-15.682463916334639,112.4905136333509,4.522546206189197,-1.2388554270192619e-14,84.85077309923446,78.84657546117246,0.09716850521285242,112.4905136333509,0
109.94397082509462,-96.61046448840247,-13.333506336692107,113.62040445718728,4.52255456848596,-1.1511861751894777e-14,84.85092999035572,78.91594505095591,0.09706634618082285,113.62040445718728,0
108.97383309713827,-97.9965493963814,-10.977283700756841,114.75128840486427,4.522562921990943,-1.3907455680890576e-14,84.85108671652802,78.98524170836144,0.0969642945546628,114.75128840486427,0
107.96033241209453,-99.3456288160207,-8.614703596073776,115.88316443225166,4.52257126671339,-1.3483705078387112e-14,84.85124327792477,79.0544655100672,0.09686235022145168,115.88316443225166,0
106.90375382682942,-100.6570736976449,-6.246680129184463,117.01603149631703,4.522579602662534,-1.3998559394978382e-14,84.8513996747192,79.12361653267071,0.09676051306838424,117.01603149631703,0
105.80440105172457,-101.93026747066405,-3.8741335810604585,118.14988855512453,4.522587929847597,-1.3274477107796678e-14,84.85155590708438,79.19269485268899,0.09665878298277544,118.14988855512453,0
104.6625964339569,-103.1646063766754,-1.4979900572814242,119.2847345678338,4.522596248277796,-1.1621192367785243e-14,84.85171197519317,79.26170054655857,0.0965571598520604,119.2847345678338,0
103.4786809324617,-104.35949979938765,0.8808188669259994,120.42056849469871,4.5226045579623335,-1.1005729264128318e-14,84.85186787921826,79.33063369063566,0.09645564356378988,120.42056849469871,0
102.25301408451931,-105.51437059118827,3.2613565066690295,121.55738929706635,4.5226128589104055,-1.2400286055680808e-14,84.85202361933219,79.39949436119618,0.09635423400563456,121.55738929706635,0
100.98597396390795,-106.62865539617438,5.642681432266482,122.69519593737576,4.522621151131197,-1.2561494676597004e-14,84.85217919570727,79.46828263443582,0.09625293106538307,122.69519593737576,0
99.67795713056995,-107.70180496946648,8.023847838896588,123.83398737915684,4.522629434633883,-1.5527347642886113e-14,84.85233460851563,79.53699858647022,0.09615173463094018,123.83398737915684,0
98.32937857174187,-108.73328449262635,10.403905920884563,124.97376258702921,4.52263770942763,-1.8584404636071814e-14,84.85248985792927,79.60564229333495,0.09605064459033189,124.97376258702921,0
96.94067163450218,-109.72257388499888,12.78190225049672,126.11452052670103,4.522645975521594,-2.05996416248048e-14,84.85264494411996,79.67421383098568,0.09594966083169912,126.11452052670103,0
95.51228794969475,-110.66916811079786,15.156880161103151,127.25626016496787,4.522654232924921,-2.183351361019825e-14,84.85279986725931,79.74271327529817,0.0958487832433012,127.25626016496787,0
94.0446973471892,-111.57257748175857,17.527880134569376,128.39898046971157,4.522662481646749,-1.915069276921158e-14,84.85295462751874,79.81114070206846,0.09574801171351477,128.39898046971157,0
92.53838776244434,-112.43232795517594,19.89394019273163,129.54268040989913,4.522670721696205,-2.1579469236972202e-14,84.8531092250695,79.87949618701286,0.09564734613083536,129.54268040989913,0
90.99386513434293,-113.2479614271527,22.254096292809834,130.6873589555815,4.522678953082406,-2.0625494026229776e-14,84.85326366008266,79.94777980576812,0.09554678638387301,130.6873589555815,0
89.41165329427238,-114.01903602087829,24.607382726605962,131.83301507789247,4.522687175814461,-1.7689566568922645e-14,84.8534179327291,80.01599163389142,0.09544633236135722,131.83301507789247,0
87.79229384642768,-114.7451263697624,26.95283252333475,132.9796477490476,4.522695389901469,-1.9928513074442923e-14,84.85357204317953,80.08413174686052,0.09534598395213356,132.9796477490476,0
86.13634603931847,-115.42582389524752,29.289477855929103,134.1272559423429,4.522703595352518,-2.0497499928957973e-14,84.85372599160446,80.15220022007384,0.09524574104516412,134.1272559423429,0
84.44438662846578,-116.06073707912519,31.616350450659425,135.27583863215395,4.522711792176687,-1.870379402059395e-14,84.85387977817425,80.22019712885051,0.0951456035295267,135.27583863215395,0
82.71700973027785,-116.64949173018164,33.93248199990382,136.42539479393454,4.522719980383048,-1.7358514589320932e-14,84.85403340305906,80.2881225484305,0.09504557129441987,136.42539479393454,0
80.9548266670993,-117.19173124500071,36.23690457790146,137.5759234042157,4.52272815998066,-2.1900670138991952e-14,84.85418686642889,80.35597655397463,0.09494564422915411,137.5759234042157,0
79.1584658034322,-117.6871168627516,38.52865105931944,138.7274234406044,4.522736330978574,-2.1976617727369745e-14,84.85434016845355,80.42375922056473,0.09484582222315949,138.7274234406044,0
77.32857237333056,-118.1353279137917,40.8067555404612,139.8798938817826,4.522744493385832,-2.203357841865309e-14,84.85449330930267,80.49147062320371,0.0947461051659795,139.8798938817826,0
75.46580829897601,-118.53606206191554,43.070253762939544,141.033333707506,4.522752647211466,-2.20762989371156e-14,84.8546462891457,80.55911083681559,0.09464649294727695,141.033333707506,0
73.5708520004463,-118.88903554008174,45.31818353963545,142.1877418986029,4.522760792464498,-2.6549231424463107e-14,84.85479910815194,80.62667993624562,0.09454698545682777,142.1877418986029,0
71.64439819669087,-119.19398337945358,47.5495851827627,143.34311743697316,4.522768929153941,-2.7683484740723426e-14,84.85495176649044,80.6941779962604,0.09444758258452443,143.34311743697316,0
69.68715769773583,-119.45065963158781,49.76350193385199,144.49945930558704,4.522777057288798,-2.742395170329351e-14,84.85510426433017,80.76160509154786,0.09434828422037742,144.49945930558704,0
67.69985718814135,-119.65883758361015,51.95898039546881,145.65676648848407,4.522785176878062,-2.9449747974471386e-14,84.85525660183981,80.82896129671747,0.09424909025450817,145.65676648848407,0
65.68323900174207,-119.81830996621731,54.135070964475275,146.81503797077187,4.522793287930718,-2.9858872153229636e-14,84.85540877918797,80.8962466863002,0.0941500005771578,146.81503797077187,0
63.638060887703524,-119.92888915434696,56.29082826664346,147.9742727386251,4.5228013904557445,-2.3504377139547382e-14,84.85556079654305,80.96346133474871,0.09405101507868427,147.9742727386251,0
61.56509576793395,-119.99040736035953,58.425311592425615,149.13446977928433,4.522809484462102,-2.6510067051661787e-14,84.8557126540732,81.03060531643737,0.09395213364955424,149.13446977928433,0
59.46513148589422,-120.00271681957878,60.53758533368458,150.2956280810549,4.5228175699587485,-2.2102996337996652e-14,84.85586435194651,81.09767870566235,0.09385335618035445,150.2956280810549,0
57.33897054685373,-119.96568996803833,62.62671942118462,151.45774663330582,4.522825646954633,-2.3238585401248426e-14,84.85601589033082,81.16468157664168,0.0937546825617882,151.45774663330582,0
55.18742984964568,-119.8792196122863,64.69178976264065,152.62082442646857,4.52283371545869,-2.075960812481179e-14,84.85616726939381,81.23161400351542,0.09365611268466797,152.62082442646857,0
53.011340409977294,-119.74321909110087,66.73187868112359,153.78486045203613,4.522841775479849,-1.7790152142859154e-14,84.85631848930298,81.29847606034564,0.093557646439926,153.78486045203613,0
50.811547075359464,-119.55762242897322,68.74607535361376,154.9498537025617,4.522849827027028,-1.8893729230270148e-14,84.85646955022567,81.36526782111655,0.09345928371860701,154.9498537025617,0
48.5889082317201,-119.32238448121657,70.7334762494965,156.11580317165777,4.522857870109137,-1.1949850873452297e-14,84.85662045232903,81.43198935973457,0.09336102441187077,156.11580317165777,0
46.344295501774894,-119.03748107056337,72.69318556878851,157.28270785399485,4.522865904735075,-1.3403280253589848e-14,84.85677119578001,81.49864075002846,0.0932628684109911,157.28270785399485,0
44.07859343523058,-118.702909115115,74.62431567988443,158.4505667453004,4.522873930913731,-1.22729062394427e-14,84.85692178074542,81.5652220657493,0.09316481560735485,158.4505667453004,0
41.79269919090233,-118.31868674751222,76.52598755660989,159.61937884235772,4.522881948653989,-1.5866017827332964e-14,84.85707220739191,81.63173338057067,0.09306686589246788,159.61937884235772,0
39.48752221083101,-117.88485342519684,78.39733121436585,160.7891431430049,4.522889957964718,-1.634040546900035e-14,84.8572224758859,81.69817476808866,0.09296901915794356,160.7891431430049,0
37.16398388649137,-117.40147003163936,80.23748614514805,161.95985864613365,4.522897958854784,-1.89166422495012e-14,84.85737258639371,81.76454630182204,0.09287127529551586,161.95985864613365,0
34.82301721718646,-116.8686189684097,82.04560175122324,163.1315243516882,4.522905951333038,-2.3069265884127152e-14,84.85752253908139,81.83084805521223,0.09277363419702675,163.1315243516882,0
32.46556646072882,-116.28640423797222,83.8208377772434,164.3041392606642,4.522913935408324,-2.3963287560846304e-14,84.8576723341149,81.89708010162346,0.09267609575443589,164.3041392606642,0
30.0925867765137,-115.65495151708987,85.5623647405762,165.47770237510755,4.522921911089476,-1.3531573572134102e-14,84.85782197165996,81.96324251434284,0.09257865985981345,165.47770237510755,0
27.70504386109379,-114.97440822072559,87.26936435963181,166.6522126981135,4.52292987838532,-1.6810018326851515e-14,84.85797145188216,82.0293353665804,0.09248132640534523,166.6522126981135,0
25.303913576370842,-114.24494355633242,88.94102997996157,167.82766923382522,4.522937837304672,-1.482795979438895e-14,84.85812077494693,82.0953587314692,0.09238409528333075,167.82766923382522,0
22.890181570523282,-113.46674856842918,90.57656699790593,169.00407098743307,4.5229457878563375,-1.3341415895042024e-14,84.85826994101947,82.16131268206546,0.09228696638618053,169.00407098743307,0
20.46484289179427,-112.64003617336083,92.17519328156655,170.18141696517318,4.522953730049116,-1.888784611828277e-14,84.85841895026483,82.22719729134853,0.0921899396064203,170.18141696517318,0
18.028901595269563,-111.76504118414725,93.7361395888777,171.35970617432653,4.5229616638917935,-1.6386330637962392e-14,84.8585678028479,82.29301263222106,0.09209301483668744,171.35970617432653,0
15.583370342778041,-110.84202032532923,95.25864998255118,172.53893762321783,4.52296958939315,-1.8951086126222734e-14,84.8587164989334,82.35875877750907,0.09199619196973258,172.53893762321783,0
13.129269996054369,-109.8712522377224,96.741982241668,173.71911032121434,4.522977506561957,-1.421331459466705e-14,84.85886503868586,82.42443579996198,0.0918994708984211,173.71911032121434,0
10.66762920330605,-108.85303747299702,98.18540826969098,174.9002232787249,4.522985415406972,-1.0659985946000289e-14,84.85901342226964,82.49004377225275,0.09180285151572704,174.9002232787249,0
8.19948397933407,-107.78769847800406,99.58821449867,176.0822755071987,4.522993315936948,-7.994989459500216e-15,84.85916164984893,82.55558276697792,0.09170633371473993,176.0822755071987,0
5.725877279357141,-106.67557956877175,100.94970228941463,177.26526601912425,4.5230012081606255,-1.1547357217750945e-14,84.85930972158772,82.62105285665771,0.09160991738865934,177.26526601912425,0
3.247858566698945,-105.51704689410455,102.26918832740562,178.44919382802837,4.523009092086738,-1.3101410011813835e-14,84.85945763764988,82.68645411373609,0.09151360243080012,178.44919382802837,0
0.7664833744985485,-104.31248838871709,103.54600501421855,179.63405794847495,4.523016967724012,-9.826057508860376e-15,84.85960539819911,82.75178661058088,0.09141738873458952,179.63405794847495,0
-1.717187138389511,-103.06231371584394,104.77950085423345,180.81985739606395,4.523024835081159,-9.589989180895594e-15,84.85975300339886,82.81705041948379,0.09132127619356276,180.81985739606395,0
-4.202086637135119,-101.76695419926813,105.96904083640328,182.0065911874303,4.5230326941668855,-7.192491885671695e-15,84.8599004534125,82.88224561266055,0.09122526470136993,182.0065911874303,0
-6.687144066137507,-100.42686274471825,107.11400681085571,183.19425834024275,4.523040544989888,-7.614814963504085e-15,84.86004774840315,82.94737226225097,0.09112935415177317,183.19425834024275,0
-9.171284109516161,-99.04251375058668,108.21379786010287,184.38285787320288,4.523048387558852,-5.711111222628064e-15,84.86019488853381,83.01243044031897,0.09103354443864392,184.38285787320288,0
-11.653427656703798,-97.61440300793035,109.26783066463415,185.57238880604396,4.523056221882457,-5.393556441596204e-15,84.8603418739673,83.07742021885275,0.09093783545596812,185.57238880604396,0
-14.13249227295325,-96.143047589715,110.27553986266824,186.76285015952988,4.523064047969372,-6.265613380447466e-15,84.86048870486627,83.14234166976483,0.09084222709784254,186.76285015952988,0
-16.607392674567134,-94.62898572927486,111.23637840384195,187.95424095545403,4.523071865828256,-6.919656084585913e-15,84.86063538139317,83.20719486489209,0.0907467192584728,187.95424095545403,0
-19.0770412086534,-93.07277668796047,112.14981789661384,189.14656021663825,4.523079675467758,-2.9692960141891215e-15,84.86078190371029,83.2719798759959,0.09065131183217695,189.14656021663825,0
-21.5403483372067,-91.47500061195532,113.01534894916206,190.33980696693177,4.523087476896523,-2.226972010641841e-15,84.86092827197979,83.33669677476217,0.09055600471338693,190.33980696693177,0
-23.99622312531077,-89.83625837824648,113.83248150355725,191.5339802312101,4.52309527012318,-1.6702290079813808e-15,84.8610744863636,83.40134563280147,0.0904607977966424,191.5339802312101,0
-26.44357373325482,-88.1571714297385,114.6007451629933,192.72907903537396,4.523103055156355,-2.362894780611192e-15,84.86122054702355,83.46592652164905,0.09036569097659497,192.72907903537396,0
-28.881307912350447,-86.43838159950894,115.31968951185937,193.92510240634817,4.5231108320046625,-6.619480608332377e-16,84.86136645412124,83.53043951276499,0.0902706841480089,193.92510240634817,0
-31.30833350423394,-84.68055092420502,115.98888442843895,195.12204937208065,4.523118600676704,6.137619790002282e-16,84.8615122078181,83.59488467753418,0.09017577720575312,195.12204937208065,0
-33.72355894343395,-82.8843614465903,116.6079203900242,196.31991896154125,4.52312636118108,2.6807675335004843e-15,84.86165780827542,83.65926208726653,0.09008097004481525,196.31991896154125,0
-36.12589376298187,-81.05051500725253,117.17640877023433,197.51871020472072,4.5231341135263765,3.675910187063098e-15,84.86180325565434,83.72357181319693,0.08998626256028805,197.51871020472072,0
-38.51424910283739,-79.17973302549295,117.69398212833033,198.71842213262968,4.5231418577211695,6.642713226485371e-15,84.86194855011576,83.78781392648537,0.08989165464737398,198.71842213262968,0
-40.887538220899124,-77.27275626942082,118.16029449031997,199.91905377729748,4.523149593774031,7.202480969114341e-15,84.86209369182046,83.85198849821707,0.08979714620139012,199.91905377729748,0
-43.2446770063673,-75.33034461528237,118.57502162164965,201.12060417177116,4.523157321693518,8.177418288398646e-15,84.86223868092905,83.91609559940248,0.08970273711775853,201.12060417177116,0
-45.58458449522022,-73.3532767960616,118.9378612912818,202.3230723501144,4.523165041488185,1.0018844302487033e-14,84.86238351760197,83.9801353009774,0.08960842729201565,202.3230723501144,0
-47.90618338756573,-71.34235013939418,119.24853352695989,203.52645734740634,4.523172753166572,1.1955025325365901e-14,84.86252820199948,84.04410767380304,0.0895142166198053,203.52645734740634,0
-50.20840056662395,-69.29838029484158,119.5067808614655,204.7307581997407,4.523180456737213,1.0076492018649582e-14,84.86267273428167,84.10801278866614,0.08942010499688105,204.7307581997407,0
-52.49016761909429,-67.22220095058042,119.71236856967468,205.93597394422457,4.523188152208632,8.390036282456055e-15,84.86281711460848,84.171850716279,0.08932609231910618,205.93597394422457,0
-54.750421356659366,-65.11466353956521,119.86508489622456,207.1421036189774,4.523195839589343,7.957861748779776e-15,84.86296134313965,84.23562152727955,0.08923217848245446,207.1421036189774,0
-56.98810433837195,-62.97663693523174,119.96474127360361,208.34914626312985,4.523203518887853,8.466398116991434e-15,84.86310542003477,84.2993252922315,0.08913836338300726,208.34914626312985,0
-59.20216539367186,-60.809007136810976,120.01117253048287,209.55710091682292,4.52321119011266,8.847800393150177e-15,84.86324934545328,84.36296208162435,0.0890446469169571,209.55710091682292,0
-61.39156014577506,-58.61267694433353,120.00423709010862,210.7659666212067,4.523218853272252,1.645438516889136e-14,84.86339311955444,84.42653196587348,0.08895102898060561,210.7659666212067,0
-63.55525153517526,-56.388565623405555,119.94381715858084,211.97574241843935,4.5232265083751075,1.7198014609403578e-14,84.86353674249733,84.49003501532026,0.08885750947036095,211.97574241843935,0
-65.6922103429969,-54.13760855984854,119.82981890284542,213.18642735168612,4.5232341554297,1.7894514567865888e-14,84.86368021444089,84.55347130023209,0.08876408828274451,213.18642735168612,0
-67.80141571393455,-51.860756904296956,119.66217261823148,214.39802046511824,4.523241794444487,1.591888773130602e-14,84.86382353554384,84.6168408908025,0.08867076531438042,214.39802046511824,0
-69.88185567851264,-49.55897720685781,119.44083288537041,215.61052080391178,4.523249425427923,1.2771833066948382e-14,84.86396670596478,84.68014385715121,0.0885775404620068,215.61052080391178,0
-71.93252767439834,-47.233251041937606,119.16577871633588,216.82392741424678,4.5232570483884516,1.3187099630243045e-14,84.86410972586214,84.74338026932423,0.08848441362246759,216.82392741424678,0
-73.95243906649623,-44.88457462335305,118.83701368984924,218.038239343306,4.523264663334509,1.3220993796557752e-14,84.86425259539416,84.80655019729394,0.08839138469271798,218.038239343306,0
-75.94060766555398,-42.513958409844946,118.45456607539896,219.25345563927402,4.5232722702745205,1.491174895823152e-14,84.86439531471896,84.86965371095914,0.08829845356981783,219.25345563927402,0
-77.89606224500571,-40.122426701121405,118.01848894612709,220.46957535133606,4.523279869216903,1.8400261378737156e-14,84.86453788399443,84.93269088014513,0.08820562015093789,220.46957535133606,0
-79.81784305577813,-37.711017224562326,117.52886028034042,221.68659752967704,4.523287460170066,1.8241088132553493e-14,84.86468030337835,84.9956617746038,0.08811288433335612,221.68659752967704,0
-81.70500233878319,-35.280780712725694,116.98578305150892,222.90452122548044,4.523295043142408,1.7566596685603167e-14,84.86482257302829,85.05856646401374,0.08802024601445757,222.90452122548044,0
-83.55660483482102,-32.83278047179749,116.3893853066185,224.1233454909273,4.523302618142319,2.0391397174265893e-14,84.86496469310167,85.12140501798024,0.08792770509173595,224.1233454909273,0
-85.37172829161358,-30.368091941137195,115.7398202327508,225.34306937919519,4.5233101851781825,1.862421695457489e-14,84.86510666375577,85.18417750603543,0.08783526146279447,225.34306937919519,0
-87.14946396769166,-27.887802244075242,115.03726621176692,226.56369194445708,4.52331774425837,2.1739723888307264e-14,84.86524848514766,85.24688399763834,0.08774291502534046,226.56369194445708,0
-88.88891713285342,-25.393009730124973,114.28192686297835,227.78521224188034,4.523325295391248,2.0745685014731076e-14,84.86539015743429,85.30952456217496,0.08765066567719301,227.78521224188034,0
-90.5892075649163,-22.884823508775856,113.47403107369213,229.00762932762578,4.523332838585169,1.6669486785673463e-14,84.8655316807724,85.37209926895834,0.08755851331627335,229.00762932762578,0
-92.24947004247925,-20.36436297504577,112.61383301752501,230.23094225884643,4.523340373848483,1.6943007187755724e-14,84.86567305531862,85.43460818722865,0.0874664578406161,230.23094225884643,0
-93.86885483341605,-17.832757326968082,111.70161216038414,231.45515009368665,4.523347901189526,2.047881656319289e-14,84.86581428122938,85.49705138615329,0.08737449914835854,231.45515009368665,0
-95.44652817881692,-15.291145075203106,110.73767325401994,232.680251891281,4.523355420616626,1.8689781496270135e-14,84.86595535866091,85.5594289348269,0.08728263713774581,232.680251891281,0
-96.98167277209853,-12.74067354496272,109.72234631706117,233.90624671175323,4.523362932138106,1.1796890072952287e-14,84.86609628776934,85.6217409022715,0.08719087170713169,233.90624671175323,0
-98.47348823300003,-10.182498370448608,108.65598660344855,235.13313361621525,4.523370435762276,7.737444530089059e-15,84.86623706871062,85.68398735743654,0.08709920275497582,235.13313361621525,0
-99.92119157618528,-7.617782982004137,107.53897455818931,236.36091166676607,4.523377931497439,1.0243975496067421e-14,84.86637770164052,85.74616836919897,0.08700763017984442,236.36091166676607,0
-101.32401767417036,-5.047698086190499,106.37171576036077,237.58957992649079,4.52338541935189,1.3234096745176349e-14,84.86651818671464,85.80828400636335,0.0869161538804111,237.58957992649079,0
-102.68121971429754,-2.4734211390001875,105.15464085329764,238.8191374594595,4.523392899333915,1.8807356755883513e-14,84.86665852408846,85.87033433766187,0.08682477375545583,238.8191374594595,0
-103.9920696494758,0.10386418757183011,103.88820546190388,240.04958333072636,4.523400371451789,2.0766855714663574e-14,84.86679871391725,85.9323194317545,0.0867334897038631,240.04958333072636,0
-105.2558586424105,2.6829685453738548,102.57289009703656,241.28091660632845,4.523407835713782,2.6677372032249245e-14,84.86693875635613,85.99423935722895,0.08664230162462794,241.28091660632845,0
-106.47189750304605,5.262697456131766,101.20920004691429,242.51313635328475,4.523415292128151,3.000003624581334e-14,84.86707865156005,86.0560941826009,0.08655120941684513,242.51313635328475,0
-107.63951711894488,7.841851863432817,99.79766525551206,243.74624163959518,4.523422740703147,3.9153372553737354e-14,84.86721839968381,86.11788397631396,0.0864602129797207,243.74624163959518,0
-108.75806887833002,10.41922869042285,98.33884018790707,244.98023153423952,4.523430181447013,3.824681361230427e-14,84.86735800088205,86.17960880673978,0.08636931221256647,244.98023153423952,0
-109.82692508551771,12.993621402966376,96.83330368255135,246.21510510717638,4.523437614367983,2.86851102092282e-14,84.86749745530925,86.24126874217812,0.08627850701479808,246.21510510717638,0
-110.84547936847017,15.563820578020229,95.28165879044995,247.4508614293422,4.5234450394742804,3.03956168539224e-14,84.8676367631197,86.30286385085695,0.0861877972859385,247.4508614293422,0
-111.81314707819979,18.128614476968163,93.68453260123165,248.68749957265018,4.523452456774122,2.945805078819274e-14,84.86777592446758,86.36439420093251,0.08609718292561519,248.68749957265018,0
-112.72936567975805,20.686789623650586,92.04257605610745,249.92501860998928,4.523459866275715,2.4313984140394867e-14,84.86791493950685,86.42585986048935,0.08600666383356093,249.92501860998928,0
-113.5935951345447,23.23713138682776,90.35646374771684,251.16341761522315,4.523467267987258,2.0455934154546464e-14,84.86805380839134,86.4872608975405,0.08591623990961542,251.16341761522315,0
-114.40531827367626,25.778424566806173,88.6268937068701,252.4026956631892,4.523474661916942,1.5341950615909848e-14,84.8681925312747,86.5485973800274,0.08582591105372245,252.4026956631892,0
-115.1640411621538,28.309453985951702,86.85458717620199,253.64285182969752,4.523482048072947,2.038824715893364e-14,84.86833110831044,86.60986937582014,0.08573567716593089,253.64285182969752,0
-115.8692934535737,30.829005082814568,85.04028837075916,254.8838851915298,4.5234894264634455,1.3070739319949916e-14,84.86846953965188,86.6710769527174,0.08564553814639428,254.8838851915298,0
-116.52062873512901,33.335864509577895,83.18476422555104,256.1257948264384,4.523496797096603,1.6464392637713377e-14,84.86860782545222,86.7322201784466,0.08555549389537265,256.1257948264384,0
-117.1176248626496,35.82882073254903,81.28880413010057,257.36857981314523,4.523504159980576,1.0127848429034719e-14,84.86874596586448,86.79329912066396,0.08546554431323242,257.36857981314523,0
-117.65988428543547,38.30666463539603,79.35321965003945,258.61223923134094,4.523511515123511,1.4257224469526977e-14,84.86888396104148,86.85431384695455,0.08537568930043996,258.61223923134094,0
-118.14703436063915,40.76819012484015,77.37884423579901,259.85677216168364,4.523518862533546,1.5133810450645857e-14,84.86902181113595,86.91526442483242,0.08528592875756955,259.85677216168364,0
-118.57872765695723,43.212194738500564,75.36653291845668,261.10217768579804,4.523526202218813,1.3570803887234706e-14,84.86915951630043,86.97615092174058,0.08519626258530053,261.10217768579804,0
-118.95464224739521,45.637480254592255,73.31716199280295,262.34845488627434,4.523533534187431,1.017810291542603e-14,84.86929707668726,87.0369734050512,0.0851066906844137,262.34845488627434,0
-119.27448199087381,48.04285330316977,71.23162868770393,263.59560284666736,4.523540858447514,9.854023235819836e-15,84.86943449244866,87.09773194206556,0.08501721295579648,263.59560284666736,0
-119.53797680244818,50.427125978607435,69.11085082384075,264.8436206514953,4.523548175007165,7.291792791139355e-16,84.86957176373669,87.15842660001422,0.08492782930043927,264.8436206514953,0
-119.74488291191734,52.78911645300406,66.95576645891327,266.09250738623905,4.5235554838744845,5.468844593354517e-16,84.86970889070327,87.21905744605704,0.08483853961944063,266.09250738623905,0
-119.89498311060335,55.12764959019572,64.76733352040763,267.3422621373408,4.523562785057555,4.1016334450158874e-16,84.8698458735001,87.27962454728326,0.08474934381399563,267.3422621373408,0
-119.98808698608745,57.441557560059536,62.54652942602791,268.5928839922033,4.523570078564458,3.638291582251661e-15,84.86998271227877,87.34012797071162,0.08466024178540993,268.5928839922033,0
-120.02403114469186,59.72968045278552,60.29435069190633,269.84437203918884,4.5235773644032635,-1.7121734118118807e-15,84.87011940719069,87.40056778329037,0.08457123343508904,269.84437203918884,0
-120.00267942150366,61.990866892793335,58.01181252871022,271.096725367618,4.5235846425820325,-3.5045761081092236e-15,84.8702559583871,87.46094405189739,0.08448231866454348,271.096725367618,0
-119.92392307774028,64.22397465196919,55.69994842577111,272.3499430677689,4.523591913108819,-1.518209056456761e-15,84.87039236601912,87.52125684334021,0.08439349737538782,272.3499430677689,0
-119.78768098526315,66.42787126188978,53.359809723373374,273.6040242308762,4.523599175991668,-3.3591028415928837e-15,84.87052863023769,87.58150622435619,0.08430476946933876,273.6040242308762,0
-119.59389979804958,68.60143462470845,50.99246517334104,274.8589679491298,4.523606431238617,-3.62955015581982e-15,84.87066475119357,87.64169226161246,0.08421613484821858,274.8589679491298,0
-119.34255411044062,70.74355362236629,48.59900048807422,276.11477331567426,4.523613678857692,-7.163054715365491e-15,84.87080072903737,87.7018150217061,0.08412759341394876,276.11477331567426,0
-119.03364660198686,72.85312872379588,46.18051787819099,277.3714394246074,4.523620918856914,-7.592737085774432e-15,84.87093656391959,87.76187457116413,0.08403914506855881,277.3714394246074,0
-118.6672081687203,74.92907258978016,43.73813557894005,278.6289653709795,4.523628151244294,-4.5843297897056674e-15,84.87107225599051,87.82187097644368,0.0839507897141773,278.6289653709795,0
-118.24329804068705,76.9703106751313,41.27298736555567,279.8873502507923,4.523635376027834,-5.658693391529563e-15,84.87120780540027,87.88180430393197,0.08386252725303775,279.8873502507923,0
-117.76200388558198,78.97578182784775,38.78622205773421,281.146593160998,4.523642593215531,-6.464466092897485e-15,84.87134321229888,87.94167461994644,0.08377435758747703,281.146593160998,0
-117.22344189833086,80.94443888491138,36.27900301341949,282.4066931994982,4.523649802815368,-4.8483495696731135e-15,84.87147847683617,88.0014819907348,0.08368628061993241,282.4066931994982,0
-116.62775687647516,82.87524926438434,33.752507612090824,283.66764946514286,4.523657004835324,-5.856708226505148e-15,84.8716135991618,88.06122648247512,0.08359829625294585,283.66764946514286,0
-115.97512228121833,84.76719555346303,31.207926727755314,284.92946105772944,4.523664199283367,-6.612977219129174e-15,84.87174857942527,88.12090816127588,0.08351040438915863,284.92946105772944,0
-115.2657402840013,86.61927609214732,28.646464191853898,286.1921270780018,4.523671386167458,-6.0699559389720374e-15,84.87188341777595,88.18052709317605,0.08342260493131842,286.1921270780018,0
-114.49984179848025,88.43050555218402,26.069336246296235,287.45564662764934,4.52367856549555,-5.662689978854184e-15,84.87201811436304,88.24008334414519,0.08333489778227271,287.45564662764934,0
-113.67768649778849,90.19991551093956,23.47777098684892,288.72001880930577,4.5236857372755885,-7.577686558016107e-15,84.87215266933562,88.29957698008349,0.0832472828449734,288.72001880930577,0
-112.79956281696899,91.9265550198634,20.873007797105572,289.98524272654834,4.523692901515508,-1.0124157017012707e-14,84.87228708284255,88.35900806682186,0.08315976002247205,289.98524272654834,0
-111.86578794047473,93.6094911671955,18.256296773279164,291.25131748389674,4.523700058223236,-9.813563812009843e-15,84.87242135503257,88.418376670122,0.08307232921792246,291.25131748389674,0
-110.8767077746381,95.24780963458036,15.62889814005773,292.51824218681213,4.523707207406689,-8.47039588363254e-15,84.87255548605421,88.47768285567646,0.0829849903345789,292.51824218681213,0
-109.83269690502044,96.84061524724335,12.992081657777076,293.7860159416962,4.5237143490737814,-9.128354474287296e-15,84.87268947605594,88.53692668910874,0.0828977432758021,293.7860159416962,0
-108.73415853855934,98.38703251739135,10.347126021167913,295.05463785589,4.523721483232415,-9.899379173434652e-15,84.87282332518602,88.59610823597333,0.08281058794505114,295.05463785589,0
-107.5815244304399,99.88620618049771,7.695318249942113,296.3241070376733,4.523728609890482,-9.922536185482591e-15,84.87295703359254,88.65522756175581,0.08272352424588511,296.3241070376733,0
-106.37525479562315,101.33730172413325,5.0379530714898655,297.59442259626314,4.523735729055869,-9.384792432205966e-15,84.87309060142344,88.7142847318729,0.08263655208196669,297.59442259626314,0
-105.11583820497358,102.73950590900813,2.376332295965427,298.86558364181326,4.523742840736455,-1.2173375813045823e-14,84.87322402882656,88.77327981167255,0.0825496713570609,298.86558364181326,0
-103.80379146593528,104.09202728188903,-0.28823581595384723,300.1375892854129,4.523749944940108,-1.1836200482308186e-14,84.87335731594949,88.83221286643402,0.08246288197503165,300.1375892854129,0
-102.43965948771516,105.39409668005898,-2.9544371923438812,301.4104386390859,4.5237570416746875,-9.527671665222442e-15,84.87349046293973,88.8910839613679,0.08237618383984327,301.4104386390859,0
-101.02401513093946,106.64496772698882,-5.620952596049377,302.6841308157896,4.523764130948048,-9.088644042010856e-15,84.87362346994462,88.94989316161626,0.08228957685556404,302.6841308157896,0
-99.55745904175738,107.84391731889261,-8.286458277135258,303.95866492941406,4.523771212768034,-1.375537693541537e-14,84.87375633711135,89.00864053225266,0.0822030609263624,303.95866492941406,0
-98.04061947037601,108.99024610184094,-10.949626631464985,305.2340400947808,4.523778287142483,-1.5312536312374732e-14,84.87388906458692,89.06732613828225,0.08211663595650695,305.2340400947808,0
-96.4741520740184,110.08327893910791,-13.609126865089534,306.51025542764216,4.523785354079219,-1.3149736771218783e-14,84.87402165251817,89.12595004464185,0.08203030185036278,306.51025542764216,0
-94.85873970430438,111.12236536843264,-16.26362566412827,307.78731004468,4.523792413586064,-1.4580750433071002e-14,84.87415410105186,89.18451231619999,0.08194405851240366,307.78731004468,0
-93.19509217906338,112.1068800488779,-18.911787869814567,309.0652030635049,4.52379946567083,-1.3711120386366143e-14,84.87428641033452,89.24301301775698,0.08185790584719793,309.0652030635049,0
-91.483946038598,113.03622319697207,-21.552277158374086,310.3439336026552,4.523806510341319,-1.0283340289774608e-14,84.87441858051255,89.30145221404506,0.08177184375941526,310.3439336026552,0
-89.72606428642452,113.90982101182327,-24.183756725398823,311.62350078159596,4.523813547605326,-1.6594289414332207e-14,84.8745506117322,89.35982996972835,0.0816858721538267,311.62350078159596,0
-87.92223611452584,114.72712608890143,-26.804889974375612,312.90390372071795,4.52382057747064,-1.5221274622312045e-14,84.87468250413959,89.41814634940305,0.08159999093530448,312.90390372071795,0
-86.0732766131621,115.48761782218297,-29.414341209020904,314.1851415413368,4.5238275999450375,-1.974262865142271e-14,84.87481425788063,89.47640141759737,0.08151420000881754,314.1851415413368,0
-84.18002646529227,116.19080279436265,-32.010776329070374,315.46721336569186,4.523834615036291,-1.81376405624425e-14,84.87494587310114,89.53459523877174,0.08142849927943838,315.46721336569186,0
-82.24335162567039,116.8362151548362,-34.59286352916582,316.75011831694536,4.52384162275216,-1.8044122520332502e-14,84.87507734994672,89.59272787731881,0.08134288865233422,316.75011831694536,0
-80.26414298468613,117.4234169851668,-37.159274000480686,318.0338555191815,4.523848623100401,-1.6863760964124845e-14,84.87520868856286,89.65079939756349,0.08125736803277747,318.0338555191815,0
-78.24331601703528,117.9519986517487,-39.70868263471343,319.31842409740517,4.523855616088759,-1.5978489796969104e-14,84.87533988909492,89.70880986376311,0.08117193732613759,319.31842409740517,0
-76.18181041530448,118.42157914539045,-42.23976873008599,320.6038231775414,4.523862601724972,-1.420431339697714e-14,84.87547095168803,89.7667593401074,0.08108659643788374,320.6038231775414,0
-74.08058970857495,118.8318064075427,-44.751216698967795,321.8900518864341,4.52386958001677,-7.322565973857386e-15,84.87560187648724,89.82464789071864,0.08100134527358369,321.8900518864341,0
-71.9406408661511,119.18235764290161,-47.24171677675055,323.17710935184516,4.523876550971875,-1.2153262628143978e-14,84.87573266363742,89.88247557965167,0.08091618373890636,323.17710935184516,0
-69.76297388653325,119.47293961812544,-49.70996573159223,324.46499470245357,4.5238835145979985,-5.784277897232514e-15,84.87586331328328,89.94024247089399,0.08083111173961735,324.46499470245357,0
-67.54862137176089,119.70328894640679,-52.154667574645934,325.75370706785435,4.523890470902849,-7.668877496799855e-15,84.8759938255694,89.99794862836585,0.08074612918158505,325.75370706785435,0
-65.2986380872638,119.87317235764891,-54.57453427038515,327.0432455785576,4.523897419894122,-1.3523219294975988e-14,84.87612420064019,90.05559411592026,0.08066123597077327,327.0432455785576,0
-63.01410050736666,119.98238695400185,-56.96828644663524,328.3336093659876,4.523904361579507,-1.7913975643608086e-14,84.8762544386399,90.11317899734313,0.08057643201324574,328.3336093659876,0
-60.69610634660233,120.03076045051942,-59.334654103917124,329.6247975624819,4.523911295966685,-1.3435481732706064e-14,84.87638453971266,90.17070333635327,0.08049171721516588,329.6247975624819,0
-58.34577407699742,120.01815140070518,-61.672377323707785,330.9168093012901,4.523918223063329,-1.4517503398030176e-14,84.87651450400242,90.22816719660254,0.08040709148279415,330.9168093012901,0
-55.964242431505085,119.94444940672253,-63.98020697521747,332.2096437165731,4.523925142877103,-1.42187966223981e-14,84.87664433165297,90.28557064167586,0.08032255472249045,332.2096437165731,0
-53.552669893766904,119.80957531405086,-66.25690542028397,333.5032999434023,4.523932055415666,-2.3986773762300452e-14,84.876774022808,90.34291373509129,0.08023810684071411,333.5032999434023,0
-51.11223417439591,119.6134813903768,-68.5012472159809,334.79777711775824,4.5239389606866665,-2.0210526370975652e-14,84.876903577611,90.40019654030012,0.08015374774402198,334.79777711775824,0
-48.64413167398311,119.35615148851736,-70.71201981453427,336.09307437652996,4.523945858697745,-1.7378340827482052e-14,84.87703299620534,90.45741912068694,0.08006947733906922,336.09307437652996,0
-46.14957693303537,119.03760119317894,-72.8880242601436,337.3891908575139,4.523952749456533,-2.6356431916113417e-14,84.8771622787342,90.51458153956968,0.07998529553260642,337.3891908575139,0
-43.629802069066415,118.65787795136426,-75.02807588229787,338.68612569941297,4.523959632970656,-2.420821603558569e-14,84.87729142534064,90.57168386019971,0.0799012022314868,338.68612569941297,0
-41.08605620106803,118.217061186247,-77.13100498517895,339.9838780418357,4.523966509247733,-2.925839227294083e-14,84.87742043616758,90.6287261457619,0.07981719734266055,339.9838780418357,0
-38.51960486159962,117.7152623943418,-79.19565753274223,341.2824470252951,4.523973378295368,-2.4164240253955935e-14,84.87754931135775,90.6857084593747,0.0797332807731713,341.2824470252951,0
-35.93172939674066,117.15262522580691,-81.2208958290663,342.58183179120783,4.5239802401211655,-2.7004964387468204e-14,84.87767805105376,90.74263086409017,0.07964945243016575,342.58183179120783,0
-33.32372635416373,116.52932554772251,-83.20559919355877,343.8820314818933,4.523987094732718,-2.691506143835209e-14,84.87780665539808,90.79949342289412,0.07956571222088643,343.8820314818933,0
-30.696906859588534,115.84557149019916,-85.14866463061065,345.18304524057254,4.523993942137608,-1.7965850029513755e-14,84.87793512453298,90.8562961987061,0.07948206005267164,345.18304524057254,0
-28.05259598189281,115.10160347517868,-87.0490074932859,346.4848722113675,4.524000782343415,-1.569483357138563e-14,84.87806345860065,90.91303925437954,0.07939849583296055,346.4848722113675,0
-25.392132087158014,114.29769422779702,-88.90556214063905,347.78751153929977,4.524007615357705,-1.8432463326290164e-14,84.87819165774306,90.96972265270178,0.07931501946928529,347.78751153929977,0
-22.716866181941803,113.43414877019056,-90.71728258824878,349.0909623702901,4.524014441188042,-2.048568564246856e-14,84.87831972210209,91.02634645639412,0.07923163086927948,349.0909623702901,0
-20.028161246074042,112.51130439763459,-92.4831431515606,350.3952238511569,4.524021259841977,-1.9805156330352046e-14,84.87844765181944,91.08291072811197,0.07914832994067128,350.3952238511569,0
-17.32739155528067,111.52953063691191,-94.20213908163123,351.7002951296158,4.524028071327054,-1.4853867247764034e-14,84.87857544703665,91.13941553044481,0.0790651165912857,351.7002951296158,0
-14.61594199395406,110.48922918682152,-95.87328719286748,353.0061753542784,4.524034875650812,-1.3360846485073338e-14,84.87870310789515,91.19586092591635,0.07898199072904646,353.0061753542784,0
-11.895207358387445,109.39083384074243,-97.495626482355,354.3128636746514,4.524041672820779,-1.0020634863805003e-14,84.8788306345362,91.25224697698457,0.07889895226197305,354.3128636746514,0
-9.166591650807066,108.23481039118327,-99.06821874037621,355.62035924113565,4.524048462844478,-1.1956368246354378e-14,84.87895802710091,91.30857374604176,0.07881600109818251,355.62035924113565,0
-6.431507364537707,107.02165651625191,-100.5901491517142,356.92866120502526,4.524055245729421,-1.1187722234016096e-14,84.87908528573023,91.36484129541464,0.07873313714588753,356.92866120502526,0
-3.691374760649116,105.75190164799507,-102.06052688734597,358.23776871850674,4.524062021483114,-8.390791675512071e-15,84.87921241056499,91.42104968736437,0.07865036031339626,358.23776871850674,0
-0.9476211364355364,104.4261068225646,-103.47848568612908,359.54768093465776,4.524068790113053,-6.2930937566340536e-15,84.87933940174584,91.4771989840867,0.078567670509115,359.54768093465776,0
1.7983199139118151,103.04486451217721,-104.84318442608901,0.8583970074465697,4.524075551626728,-5.830043342100697e-15,84.87946625941329,91.53328924771193,0.07848506764154525,0.8583970074465697,0
4.5450092460704115,101.6087984388473,-106.15380768491774,2.169916091730874,4.524082306031621,-5.4827555312006794e-15,84.87959298370772,91.58932054030508,0.07840255161928558,2.169916091730874,0
7.291002919415312,100.11856336988085,-107.40956628929614,3.482237343256875,4.524089053335207,-5.222289673025666e-15,84.87971957476937,91.64529292386591,0.07832012235103139,3.482237343256875,0
10.034852957531477,98.57484489512869,-108.60969785266016,4.795359918658415,4.5240957935449515,-2.806494230144093e-15,84.8798460327383,91.70120646032898,0.07823777974557208,4.795359918658415,0
12.775108115019384,96.97835918601037,-109.75346730102974,6.109282975456015,4.524102526668312,-5.435539746483539e-15,84.87997235775444,91.75706121156375,0.07815552371179382,6.109282975456015,0
15.510314650199994,95.32985273632755,-110.84016738652753,7.424005672055949,4.524109252712739,-4.076654809862654e-15,84.88009854995758,91.81285723937464,0.07807335415867919,7.424005672055949,0
18.23901710331756,93.63010208489891,-111.86911918821644,8.739527167749305,4.524115971685676,-3.0574911073969906e-15,84.88022460948736,91.86859460550106,0.07799127099530637,8.739527167749305,0
20.959759079833248,91.87991352005845,-112.83967259989168,10.055846622711059,4.524122683594556,-4.513564379798056e-15,84.88035053648323,91.92427337161755,0.0779092741308472,10.055846622711059,0
23.671084038396092,90.08012276606992,-113.751206804466,11.372963197999146,4.5241293884468075,-4.495396309473698e-15,84.88047633108457,91.97989359933376,0.07782736347457142,11.372963197999146,0
26.37153608307226,88.23159465152135,-114.60313073459363,12.690876055553531,4.5241360862498485,-2.2613242074801174e-15,84.88060199343056,92.03545535019462,0.07774553893584316,12.690876055553531,0
29.059660759408228,86.3352227597746,-115.39488351918281,14.00958435819528,4.5241427770110905,-1.695993155610088e-15,84.88072752366024,92.09095868568032,0.07766380042412163,14.00958435819528,0
31.734005853897695,84.39192906155584,-116.12593491545354,15.329087269625637,4.524149460737936,-1.271994866707566e-15,84.8808529219125,92.14640366720643,0.07758214784896103,15.329087269625637,0
34.39312219641749,82.40266352978406,-116.79578572620154,16.649383954425094,4.524156137437783,-9.539961500306745e-16,84.88097818832614,92.20179035612392,0.07750058112001307,16.649383954425094,0
37.03556446519221,80.3684037367458,-117.40396820193799,17.97047357805247,4.524162807118018,-7.154971125230059e-16,84.88110332303974,92.25711881371929,0.07741910014702069,17.97047357805247,0
39.65989199384329,78.29015443373511,-117.95004642757839,19.29235530684399,4.52416946978602,-1.646845859017411e-15,84.88122832619176,92.31238910121459,0.07733770483982338,19.29235530684399,0
42.264669580073125,76.16894711329009,-118.43361669336319,20.615028308012356,4.5241761254491655,9.853116549872547e-16,84.88135319792055,92.36760127976751,0.07725639510835855,20.615028308012356,0
44.84846829553125,74.00583955416658,-118.85430784969779,21.938491749645827,4.524182774114814,3.5145413028033327e-15,84.88147793836424,92.42275541047144,0.0771751708626511,21.938491749645827,0
47.409866296405106,71.80191534920291,-119.21178164560797,23.262744800707306,4.5241894157903255,4.8563520263528126e-15,84.88160254766089,92.47785155435554,0.07709403201282825,23.262744800707306,0
49.94744963427457,69.55828341623905,-119.50573305051361,24.58778663103341,4.524196050483049,5.3075985567023444e-15,84.88172702594838,92.5328897723848,0.0770129784691069,24.58778663103341,0
52.459813066765754,67.27607749226597,-119.73589055903167,25.913616411333557,4.524202678200324,8.976702528339963e-15,84.88185137336443,92.58787012546013,0.07693201014179907,25.913616411333557,0
54.94556086753632,64.956455610991,-119.90201647852733,27.240233313189048,4.5242092989494855,8.397861433192707e-15,84.88197559004664,92.64279267441839,0.07685112694131166,27.240233313189048,0
57.403307635121855,62.600599564017806,-120.00390719913963,28.567636509052154,4.52421591273786,1.1016843929551446e-14,84.88209967613246,92.69765748003248,0.07677032877814727,28.567636509052154,0
59.83167910016974,60.20971434584805,-120.04139344601776,29.89582517224519,4.524222519572765,1.1662690960078126e-14,84.8822236317592,92.75246460301142,0.07668961556289963,29.89582517224519,0
62.22931293058485,57.785027582926396,-120.01434051351119,31.224798476959606,4.524229119461512,1.3968535882748784e-14,84.88234745706401,92.80721410400041,0.07660898720625883,31.224798476959606,0
64.59485953410936,55.327788946957746,-119.9226484810671,32.554555598255085,4.524235712411403,1.4362182498249634e-14,84.88247115218391,92.86190604358086,0.07652844361900762,32.554555598255085,0
66.92698285785642,52.83926955274028,-119.76625241059664,33.8850957120586,4.524242298429732,1.2575749288703105e-14,84.88259471725576,92.9165404822705,0.07644798471202141,33.8850957120586,0
69.22436118431642,50.320761340765,-119.54512252508137,35.21641799516354,4.524248877523789,1.1652258015777641e-14,84.8827181524163,92.97111748052347,0.07636761039627343,35.21641799516354,0
71.48568792335328,47.77357644484736,-119.25926436820065,36.548521625228766,4.524255449700852,1.3180085610333856e-14,84.8828414578021,93.0256370987303,0.07628732058282567,36.548521625228766,0
73.70967239970675,45.19904654506365,-118.90871894477036,37.881405780777726,4.524262014968195,1.6546402355501332e-14,84.88296463354962,93.08009939721804,0.07620711518283779,37.881405780777726,0
75.89504063551581,42.598522206277636,-118.49356284179343,39.21506964119752,4.524268573333082,1.6295582352814046e-14,84.88308767979515,93.13450443625032,0.07612699410755983,39.21506964119752,0
78.040536127379,39.973372202553584,-118.01390832993258,40.54951238673803,4.524275124802769,1.721769037542374e-14,84.88321059667484,93.18885227602743,0.07604695726833649,40.54951238673803,0
80.1449206174653,37.32498282776095,-117.46990344522624,41.884733198510965,4.524281669384506,1.9574605929318744e-14,84.8833333843247,93.24314297668634,0.07596700457660455,41.884733198510965,0
82.20697485819163,34.65475719268747,-116.86173205087907,43.220731258489,4.524288207085536,2.1342292594739996e-14,84.8834560428806,93.2973765983008,0.0758871359438961,43.220731258489,0
84.22549936998088,31.964114508988157,-116.18961387896901,44.55750574950484,4.52429473791309,2.0447611544555623e-14,84.88357857247824,93.35155320088141,0.07580735128183325,44.55750574950484,0
86.1993151916183,29.25448936030559,-115.45380455192385,45.895055855250334,4.524301261874398,1.8666377732292185e-14,84.88370097325324,93.40567284437569,0.07572765050213501,45.895055855250334,0
88.12726462272123,26.5273309609103,-114.65459558363148,47.23338076027555,4.524307778976676,1.8440675397719766e-14,84.88382324534102,93.4597355886681,0.07564803351660845,47.23338076027555,0
90.00821195784219,23.7841024022169,-113.79231436005907,48.572479649987905,4.524314289227137,1.7161175622165293e-14,84.88394538887687,93.51374149358016,0.07556850023715644,48.572479649987905,0
91.84104421172445,21.026279887543314,-112.86732409926773,49.91235171065124,4.524320792632984,1.7311773815124597e-14,84.88406740399594,93.56769061887049,0.07548905057577412,49.91235171065124,0
93.62467183523242,18.255351955488717,-111.8800237907211,51.25299612938491,4.5243272892014135,1.7424722459844072e-14,84.88418929083328,93.6215830242349,0.07540968444454962,51.25299612938491,0
95.35802942148045,15.472818692317043,-110.83084811379744,52.59441209416293,4.5243337789396145,1.8619656968008837e-14,84.88431104952372,93.6754187693064,0.07533040175566211,52.59441209416293,0
97.04007640168787,12.680190933739821,-109.72026733542769,53.93659879381301,4.524340261854767,1.9515857849132412e-14,84.88443268020201,93.72919791365536,0.0752512024213827,53.93659879381301,0
98.66979773028858,9.878989456504078,-108.54878718679262,55.27955541801573,4.524346737954045,2.2408454559225405e-14,84.88455418300272,93.78292051678945,0.07517208635407699,55.27955541801573,0
100.24620455882891,7.070744160196688,-107.31694871902555,56.62328115730358,4.524353207244615,2.3467679067169993e-14,84.88467555806031,93.83658663815383,0.07509305346620135,56.62328115730358,0
101.76833489818989,4.2569932396886445,-106.02532813787849,57.96777520306011,4.524359669733634,2.0931428374252963e-14,84.88479680550908,93.89019633713116,0.0750141036703037,57.96777520306011,0
103.23525426867363,1.4392823486491002,-104.67453661732267,59.31303674751899,4.524366125428254,2.013946337919035e-14,84.8849179254832,93.94374967304164,0.07493523687902437,59.31303674751899,0
104.64605633749862,-1.3808362454321648,-103.2652200920664,60.65906498376318,4.524372574335619,2.0655712657518546e-14,84.88503891811668,93.99724670514311,0.0748564530050968,60.65906498376318,0
105.99986354325219,-4.201804514266277,-101.79805902898585,62.005859105723964,4.524379016462864,2.215312264088985e-14,84.8851597835434,94.05068749263113,0.07477775196134484,62.005859105723964,0
107.29582770685388,-7.02205952937624,-100.27376817747756,63.35341830818012,4.524385451817116,1.4394395931417073e-14,84.8852805218971,94.104072094639,0.07469913366068259,63.35341830818012,0
108.533130628588,-9.840034329834214,-98.69309629875374,64.70174178675698,4.5243918804054974,1.0795796948562806e-14,84.88540113331139,94.15740057023785,0.07462059801611876,64.70174178675698,0
109.71098467076959,-12.654158796655194,-97.05682587411431,66.0508287379256,4.524398302235121,1.4758185859173043e-14,84.88552161791972,94.21067297843673,0.07454214494075123,66.0508287379256,0
110.82863332561276,-15.462860533369405,-95.36577279224328,67.40067835900179,4.524404717313094,1.772997754213072e-14,84.88564197585542,94.26388937818264,0.07446377434777146,67.40067835900179,0
111.88535176787805,-18.26456575228891,-93.62078601558908,68.75128984814529,4.5244111256465125,2.2179267353599292e-14,84.88576220725164,94.31704982836058,0.0743854861504589,68.75128984814529,0
112.88044739187961,-21.057700165976765,-91.82274722590282,70.10266240435888,4.524417527242469,2.3295788662950406e-14,84.88588231224145,94.37015438779368,0.07430728026218725,70.10266240435888,0
113.81326033244156,-23.84068988342165,-89.97257044901984,71.45479522748745,4.5244239221080464,2.6353625694214055e-14,84.88600229095772,94.42320311524318,0.07422915659641982,71.45479522748745,0
114.68316396939863,-26.611962310412885,-88.07120165898571,72.80768751821714,4.524430310250323,2.4206111369161166e-14,84.88612214353326,94.47619606940859,0.07415111506671307,72.80768751821714,0
115.48956541524397,-29.369947053606197,-86.11961836163772,74.16133847807447,4.524436691676364,2.4815921674621815e-14,84.88624187010063,94.52913330892767,0.07407315558670932,74.16133847807447,0
116.23190598553435,-32.11307682776458,-84.11882915776974,75.51574730942544,4.524443066393232,1.861194125596636e-14,84.88636147079235,94.58201489237655,0.07399527807014647,75.51574730942544,0
116.90966165167097,-34.83978836565189,-82.06987328601902,76.87091321547464,4.524449434407981,1.8399848040475397e-14,84.88648094574074,94.63484087826976,0.07391748243085161,76.87091321547464,0
117.52234347568198,-37.54852333005417,-79.97382014562778,78.2268354002644,4.524455795727658,1.602033207960686e-14,84.88660029507801,94.68761132506033,0.07383976858274188,78.2268354002644,0
118.06949802664172,-40.237729227395775,-77.8317687992459,79.58351306867387,4.524462150359301,1.8676587207456084e-14,84.88671951893622,94.74032629113982,0.07376213643982613,79.58351306867387,0
118.55070777836977,-42.905860322415705,-75.64484745595402,80.94094542641815,4.524468498309941,1.844833250409269e-14,84.8868386174473,94.7929858348384,0.0736845859162012,80.94094542641815,0
118.96559148806256,-45.551378553362355,-73.41421293470013,82.29913168004744,4.524474839586602,1.8277141476570142e-14,84.886957590743,94.84559001442493,0.07360711692605637,82.29913168004744,0
119.31380455551944,-48.17275444716448,-71.14105010835493,83.65807103694613,4.524481174196301,1.592830215667792e-14,84.88707643895499,94.89813888810697,0.0735297293836705,83.65807103694613,0
119.5950393626341,-50.76846803402777,-68.82657132860629,85.01776270533193,4.524487502146049,1.4166672666758754e-14,84.88719516221481,94.95063251403093,0.07345242320341461,85.01776270533193,0
119.80902559283321,-53.33700976090865,-66.47201583192451,86.37820589425502,4.524493823442848,1.506589659856969e-14,84.8873137606538,95.00307095028205,0.07337519829974734,86.37820589425502,0
119.95553053015315,-55.876881403308765,-64.07864912684437,87.73939981359712,4.524500138093689,1.5740314547427893e-14,84.88743223440318,95.05545425488454,0.07329805458721492,87.73939981359712,0
120.03435933765748,-58.386596974834305,-61.64776236282312,89.10134367407068,4.524506446105564,1.6246128009071547e-14,84.88755058359406,95.10778248580156,0.07322099198045981,89.10134367407068,0
120.04535531490636,-60.86468363396039,-59.18067168094593,90.46403668721794,4.524512747485449,1.4405042056053974e-14,84.88766880835739,95.16005570093537,0.07314401039420826,90.46403668721794,0
119.98840013420299,-63.30968258743942,-56.67871754676354,91.82747806541012,4.524519042240319,1.5244673640541106e-14,84.887786908824,95.21227395812734,0.07306710974327998,91.82747806541012,0
119.86341405535039,-65.72014998978969,-54.1432640655607,93.19166702184651,4.524525330377139,1.2543728255030986e-14,84.88790488512456,95.264437315158,0.07299028994258178,93.19166702184651,0
119.67035611866561,-68.09465783830052,-51.57569828036508,94.55660277055362,4.524531611902866,1.0518019215898396e-14,84.8880227373896,95.31654582974718,0.07291355090711191,94.55660277055362,0
119.40922431600858,-70.43179486298781,-48.977429453020726,95.9222845263843,4.524537886824451,1.1219183485799266e-14,84.88814046574954,95.368599559554,0.0728368925519565,95.9222845263843,0
119.08005573959593,-72.73016741093427,-46.34988832866163,97.28871150501686,4.524544155148837,8.414387614349449e-15,84.88825807033464,95.42059856217695,0.072760314792291,97.28871150501686,0
118.68292670838146,-74.98840032444745,-43.69452638393393,98.65588292295422,4.524550416882961,1.86989861226146e-15,84.88837555127506,95.47254289515398,0.07268381754338221,98.65588292295422,0
118.21795287179756,-77.20513781246984,-41.0128150593277,100.02379799752303,4.524556672033752,-8.180220900542179e-16,84.88849290870078,95.52443261596254,0.07260740072058425,100.02379799752303,0
117.6852892906651,-79.379044314674,-38.306244975991056,101.39245594687283,4.524562920608131,-6.135165675406634e-16,84.88861014274167,95.57626778201966,0.07253106423933967,101.39245594687283,0
117.08513049509098,-81.50880535767868,-35.576325137412255,102.76185598997515,4.524569162613012,-1.570360450280654e-15,84.88872725352742,95.62804845068199,0.07245480801518084,102.76185598997515,0
116.41771051918717,-83.5931284028209,-32.82458211636623,104.13199734662265,4.5245753980553,-2.2879933623356473e-15,84.88884424118763,95.67977467924588,0.07237863196372743,104.13199734662265,0
115.68330291245654,-85.63074368492167,-30.05255922753482,105.50287923742832,4.524581626941897,-3.9364410710020485e-15,84.88896110585173,95.73144652494746,0.07230253600068973,105.50287923742832,0
114.88222072770581,-87.62040504148491,-27.26181568622087,106.8745008838245,4.524587849279696,-2.9523308032515366e-15,84.88907784764908,95.78306404496266,0.07222652004186764,106.8745008838245,0
114.0148164853587,-89.5608907317702,-24.45392575358845,108.24686150806212,4.524594065075581,-7.765363225564435e-15,84.88919446670883,95.8346272964073,0.07215058400314711,108.24686150806212,0
113.08148211405643,-91.45100424518498,-21.6304778688714,109.61996033320982,4.5246002743364295,-4.71379939454817e-15,84.88931096316003,95.88613633633717,0.07207472780050264,109.61996033320982,0
112.08264886744693,-93.28957509844133,-18.79307376900555,110.99379658315303,4.524606477069113,-6.310907107474019e-15,84.88942733713156,95.93759122174806,0.07199895134999812,110.99379658315303,0
111.01878721707801,-95.07545962092973,-15.943327596148256,112.36836948259318,4.524612673280493,-9.17407242910614e-15,84.88954358875222,95.98899200957584,0.07192325456778484,112.36836948259318,0
109.89040672132401,-96.80754172776227,-13.082864993561655,113.74367825704682,4.524618862977428,-9.656111883392496e-15,84.88965971815063,96.04033875669651,0.07184763737010422,113.74367825704682,0
108.69805587029036,-98.48473367994521,-10.213322190345098,115.11972213284476,4.524625046166768,-1.2238087523357576e-14,84.8897757254553,96.0916315199263,0.07177209967328396,115.11972213284476,0
107.44232190665487,-100.10597683114186,-7.336345075512972,116.4965003371312,4.524631222855351,-1.1954123204081072e-14,84.88989161079458,96.14287035602166,0.07169664139373905,116.4965003371312,0
106.12383062241896,-101.67024236049514,-4.453588261923751,117.8740120978629,4.524637393050014,-1.3128928745405141e-14,84.8900073742967,96.19405532167941,0.07162126244797329,117.8740120978629,0
104.74324613155797,-103.17653199098206,-1.566714140575855,119.25225664380834,4.524643556757584,-1.0401808071366435e-14,84.89012301608976,96.24518647353675,0.07154596275257921,119.25225664380834,0
103.30127061857301,-104.62387869277745,1.322608074204499,120.63123320454679,4.524649713984882,-1.3595332463287361e-14,84.89023853630172,96.29626386817132,0.07147074222423622,120.63123320454679,0
101.798644062964,-106.01134737111379,4.212703308149846,122.01094101046755,4.52465586473872,-1.4012890994614496e-14,84.89035393506042,96.3472875621013,0.07139560077971055,122.01094101046755,0
100.23614393965688,-107.3380355381257,7.101891598468844,123.39137929276903,4.5246620090259055,-1.2036224904820462e-14,84.89046921249354,96.39825761178543,0.07132053833585861,123.39137929276903,0
98.61458489543458,-108.60307396817788,9.988489072743315,124.77254728345795,4.5246681468532355,-1.6521174094835153e-14,84.89058436872863,96.4491740736231,0.07124555480961989,124.77254728345795,0
96.9348184014359,-109.80562733618135,12.870808934745487,126.15444421534846,4.5246742782275025,-1.2945992083438943e-14,84.89069940389311,96.5000370039544,0.0711706501180247,126.15444421534846,0
95.19773238180237,-110.94489483840904,15.747162456606675,127.53706932206128,4.52468040315549,-1.2485051624142099e-14,84.89081431811427,96.5508464590602,0.07109582417818894,127.53706932206128,0
93.40425081856851,-112.02011079533195,18.615859976763467,128.92042183802292,4.524686521643977,-1.4359792328919777e-14,84.89092911151927,96.60160249516217,0.07102107690731654,128.92042183802292,0
91.55533333290671,-113.0305452360034,21.475211903096735,130.3045009984647,4.524692633699732,-1.1324955759002411e-14,84.89104378423512,96.65230516842288,0.0709464082226976,130.3045009984647,0
89.65197474285253,-113.97550446352848,24.32352972067596,131.68930603942206,4.52469873932952,-1.2379497405439856e-14,84.89115833638874,96.70295453494589,0.07087181804171186,131.68930603942206,0
87.69520459765401,-114.85433160116416,27.159127003510168,133.07483619773365,4.524704838540096,-1.3725515152580519e-14,84.89127276810686,96.75355065077572,0.07079730628182146,133.07483619773365,0
85.6860866889017,-115.66640711860555,29.980320429703895,134.46109071104038,4.524710931338208,-1.2514582413685702e-14,84.8913870795161,96.80409357189801,0.07072287286057805,134.46109071104038,0
83.62571853861341,-116.41114933802268,32.785430799409305,135.8480688177848,4.5247170177306,-1.493705193339006e-14,84.89150127074296,96.85458335423951,0.07064851769562075,135.8480688177848,0
81.51523086446343,-117.08801491942226,35.57278405495886,137.23576975721002,4.524723097724005,-1.564368104854317e-14,84.89161534191379,96.90502005366818,0.07057424070467266,137.23576975721002,0
79.35578702236016,-117.69649932492031,38.34071230256016,138.62419276935904,4.524729171325151,-1.2842983811032535e-14,84.89172929315481,96.95540372599326,0.07050004180554598,138.62419276935904,0
77.1485824265935,-118.23613726152033,41.08755483492683,140.01333709507384,4.52473523854076,-2.4065137178401433e-14,84.89184312459213,97.00573442696529,0.07042592091613842,140.01333709507384,0
74.8948439477879,-118.70650310200456,43.811659154216684,141.40320197599453,4.524741299377543,-2.1379521957676543e-14,84.89195683635165,97.0560122122762,0.07035187795443132,141.40320197599453,0
72.59582928891295,-119.10721128355644,46.51138199464352,142.79378665455857,4.5247473538422085,-1.9365310542132877e-14,84.89207042855925,97.10623713755939,0.07027791283849749,142.79378665455857,0
70.25282633961865,-119.4379166837432,49.18509034412458,144.18509037399986,4.524753401941453,-1.7854651980475127e-14,84.89218390134059,97.15640925838974,0.0702040254864896,144.18509037399986,0
67.867152509178,-119.69831497350178,51.83116246432381,145.5771123783479,4.5247594436819725,-1.6721658059231815e-14,84.89229725482124,97.20652863028373,0.07013021581665349,145.5771123783479,0
65.44015403833536,-119.88814294678122,54.447988908445865,146.96985191242703,4.524765479070451,-1.3651466569049019e-14,84.89241048912666,97.25659530869943,0.07005648374731638,146.96985191242703,0
62.97320529037381,-120.00717882650864,57.03397353613486,148.3633082218556,4.524771508113566,-1.9120384123788014e-14,84.89252360438209,97.30660934903665,0.06998282919689039,148.3633082218556,0
60.46770802173021,-120.05524254655904,59.58753452482887,149.75748055304496,4.524777530817988,-2.100162624059195e-14,84.89263660071272,97.35657080663692,0.06990925208387602,149.75748055304496,0
57.92509063250146,-120.03219600942134,62.10710537691992,151.15236815319884,4.524783547190383,-1.7971665729694278e-14,84.89274947824359,97.40647973678361,0.06983575232685937,151.15236815319884,0
55.34680739720125,-119.9379433192674,64.59113592206617,152.54797027031242,4.524789557237408,-1.5699195346521022e-14,84.89286223709959,97.45633619470196,0.06976232984451203,152.54797027031242,0
52.7343376761403,-119.77243099014493,67.03809331400464,153.9442861531715,4.524795560965713,-1.8435734657641706e-14,84.8929748774055,97.50614023555914,0.06968898455558917,153.9442861531715,0
50.08918510781893,-119.53564812902829,69.44646302120937,155.3413150513517,4.524801558381941,-2.2708585190232533e-14,84.89308739928595,97.55589191446433,0.0696157163789331,155.3413150513517,0
47.4128767827343,-119.22762659347649,71.8147498107422,156.73905621521754,4.524807549492728,-2.1472330991175025e-14,84.89319980286544,97.60559128646875,0.06954252523347132,156.73905621521754,0
44.70696239901998,-118.84844112366177,74.1414787246418,158.13750889592174,4.524813534304704,-2.2765586391132206e-14,84.89331208826836,97.65523840656579,0.06946941103821644,158.13750889592174,0
41.97301340034981,-118.39820944854758,76.42519604819779,159.5366723454043,4.524819512824491,-2.3735527941100094e-14,84.89342425561897,97.70483332969096,0.0693963737122669,159.5366723454043,0
39.212622096550206,-117.87709236600922,78.66447026945902,160.9365458163917,4.524825485058704,-2.0022092005075384e-14,84.89353630504135,97.75437611072205,0.0693234131748035,160.9365458163917,0
36.42740076738262,-117.28529379670702,80.85789302932443,162.33712856239612,4.524831451013953,-1.7237015053056852e-14,84.89364823665953,97.80386680447916,0.06925052934509626,162.33712856239612,0
33.61898074996698,-116.62306081153586,83.00408006156891,163.73841983771447,4.524837410696837,-2.4029991536044204e-14,84.89376005059732,97.85330546572473,0.06917772214249546,163.73841983771447,0
30.7890115103345,-115.89068363249258,85.10167212215808,165.14041889742774,4.524843364113952,-2.4683831799784092e-14,84.89387174697846,97.90269214916364,0.0691049914864395,165.14041889742774,0
27.939159699608577,-115.08849560681719,87.14933590720862,166.54312499740007,4.524849311271885,-2.0733319899088382e-14,84.89398332592656,97.95202690944325,0.06903233729645056,166.54312499740007,0
25.07110819532737,-114.2168731542818,89.14576495895442,167.94653739427795,4.524855252177217,-2.443177412131754e-14,84.89409478756505,98.00130980115345,0.06895975949213515,167.94653739427795,0
22.186555128432705,-113.27623568751565,91.08968055908295,169.35065534548943,4.524861186836523,-1.8323830590988156e-14,84.89420613201732,98.05054087882678,0.06888725799318504,169.35065534548943,0
19.28721289646449,-112.26704550527366,92.97983260880919,170.75547810924326,4.524867115256368,-1.8183765041741743e-14,84.89431735940653,98.0997201969384,0.06881483271937625,170.75547810924326,0
16.374807163510134,-111.18980765857054,94.81500049506043,172.16100494452806,4.524873037443312,-2.0299161929057245e-14,84.89442846985575,98.14884780990624,0.0687424835905662,172.16100494452806,0
13.451075847471243,-110.04506978962125,96.59399394215002,173.56723511111153,4.524878953403908,-2.4106155643794186e-14,84.89453946348796,98.19792377209099,0.06867021052670091,173.56723511111153,0
10.517768095221644,-108.8334219435442,98.31565384832251,174.9741678695396,4.5248848631447025,-2.0300062782095954e-14,84.89465034042594,98.24694813779617,0.0685980134478085,174.9741678695396,0
7.5766432462421855,-107.55549635280288,99.97885310656069,176.38180248113568,4.524890766672235,-1.5225047086571966e-14,84.89476110079241,98.29592096126824,0.06852589227400185,176.38180248113568,0
4.629469785328338,-106.21196719437742,101.58249740904911,177.79013820799975,4.524896663993038,-1.58596774134296e-14,84.89487174470992,98.34484229669663,0.06845384692547762,177.79013820799975,0
1.6780242849774183,-104.80355031967537,103.12552603469791,179.1991743130076,4.524902555113637,-1.4115204109322512e-14,84.89498227230088,98.39371219821376,0.06838187732251524,179.1991743130076,0
-1.2759096619266466,-103.33100295720931,104.60691261913597,180.60891005981003,4.524908440040551,-8.365957032741571e-15,84.89509268368762,98.44253071989519,0.06830998338548036,180.60891005981003,0
-4.230542518503682,-101.79512338808748,106.02566590659116,182.01934471283198,4.524914318780289,-6.274467774556178e-15,84.89520297899229,98.49129791575957,0.06823816503481855,182.01934471283198,0
-7.1840798887054,-100.19675059437873,107.38083048308415,183.43047753727174,4.524920191339358,-5.81607385554229e-15,84.89531315833693,98.54001383976882,0.06816642219106231,183.43047753727174,0
-10.134723609935365,-98.53676388043422,108.6714874903696,184.84230779910015,4.524926057724259,-7.692724465532187e-15,84.8954232218435,98.58867854582806,0.06809475477482924,184.84230779910015,0
-13.080672852804163,-96.81608246726421,109.89675532006835,186.2548347650598,4.524931917941478,-7.989989398399453e-15,84.89553316963374,98.6372920877858,0.06802316270681386,186.2548347650598,0
-16.02012522735592,-95.03566506008808,111.05579028744405,187.66805770266416,4.524937771997503,-8.212938098049903e-15,84.89564300182933,98.68585451943387,0.0679516459078009,187.66805770266416,0
-18.9512778950937,-93.19650938919271,112.14778728428637,189.0819758801968,4.52494361989881,-8.38014962278774e-15,84.89575271855179,98.7343658945076,0.06788020429865455,189.0819758801968,0
-21.872328686124092,-91.29965172425106,113.1719804103752,190.49658856671067,4.524949461651872,-6.2851122170908045e-15,84.89586231992254,98.78282626668582,0.0678088378003246,190.49658856671067,0
-24.7814772207313,-89.34616636227695,114.12764358300825,191.9118950320271,4.5249552972631495,-4.713834162818103e-15,84.89597180606285,98.83123568959087,0.06773754633383999,191.9118950320271,0
-27.676926034687764,-87.3371650894012,115.01409112408894,193.32789454673517,4.524961126739102,-4.645598646738734e-15,84.89608117709385,98.87959421678879,0.06766632982031698,193.32789454673517,0
-30.55688170759881,-85.27379661668138,115.83067832428014,194.7445863821908,4.5249669500861796,-3.4841989850540503e-15,84.89619043313658,98.92790190178924,0.06759518818095248,194.7445863821908,0
-33.41955599357319,-83.15724599016964,116.57680198374287,196.16196981051596,4.524972767310826,-2.6131492387905378e-15,84.89629957431194,98.97615879804566,0.06752412133702787,196.16196981051596,0
-36.26316695350728,-80.98873397548427,117.25190092899155,197.58004410459796,4.524978578419478,-3.07008495371806e-15,84.89640860074067,99.02436495895527,0.06745312920990423,197.58004410459796,0
-39.085940088262625,-78.76951641714668,117.85545650540922,198.9988085380885,4.524984383418565,4.358774432462396e-15,84.89651751254344,99.07252043785918,0.06738221172102937,198.9988085380885,0
-41.88610947201315,-76.5008835729668,118.38699304497995,200.41826238540293,4.524990182314511,3.269080824346797e-15,84.89662630984073,99.12062528804238,0.0673113687919299,200.41826238540293,0
-44.66191888503514,-74.18415942377452,118.84607830880968,201.83840492171947,4.5249959751137325,4.672256667510411e-15,84.89673499275295,99.16867956273386,0.06724060034421803,201.83840492171947,0
-47.4116229452057,-71.8207009588137,119.23232390401935,203.2592354229784,4.525001761822641,7.389973086820857e-15,84.89684356140039,99.21668331510665,0.06716990629958808,203.2592354229784,0
-50.13348823747536,-69.41189743713477,119.54538567461015,204.68075316588127,4.5250075424476375,5.542479815115642e-15,84.89695201590314,99.26463659827786,0.06709928657981362,204.68075316588127,0
-52.82579444057436,-66.95916962533957,119.78496406591393,206.10295742789,4.5250133169951186,1.3038644058337984e-14,84.8970603563812,99.31253946530877,0.06702874110675286,206.10295742789,0
-55.4868354502136,-64.46396901204452,119.95080446225809,207.5258474872262,4.525019085471475,1.1444317580691222e-14,84.89716858295449,99.36039196920488,0.06695826980234657,207.5258474872262,0
-58.11492049803329,-61.927776999455254,120.04269749748848,208.94942262287034,4.5250248478830875,1.3301686040175332e-14,84.89727669574273,99.40819416291595,0.06688787258861545,208.94942262287034,0
-60.70837526555696,-59.35210407245378,120.06047933801078,210.37368211456092,4.525030604236335,1.3584489360163258e-14,84.89738469486556,99.45594609933605,0.06681754938766532,210.37368211456092,0
-63.26554299240248,-56.73848894562333,120.0040319380258,211.79862524279372,4.525036354537584,1.4334356127707012e-14,84.89749258044247,99.50364783130367,0.06674730012168001,211.79862524279372,0
-65.78478557800386,-54.08849768864797,119.87328326665175,213.22425128882094,4.525042098793201,1.2416101632717994e-14,84.89760035259289,99.55129941160175,0.06667712471293005,213.22425128882094,0
-68.26448467609649,-51.40372283054512,119.66820750664156,214.65055953465045,4.52504783700954,1.2365189542257676e-14,84.89770801143601,99.59890089295772,0.06660702308376279,214.65055953465045,0
-70.70304278121877,-48.68578244320377,119.3888252244225,216.07754926304503,4.525053569192949,1.454745152366275e-14,84.89781555709098,99.64645232804357,0.06653699515660949,216.07754926304503,0
-73.09888430648375,-45.93631920471688,119.03520351120059,217.5052197575215,4.525059295349774,1.2853478935841086e-14,84.8979229896768,99.69395376947593,0.0664670408539835,217.5052197575215,0
-75.4504566518771,-43.15699944301448,118.60745609489155,218.93357030234995,4.525065015486349,1.463611281269402e-14,84.89803030931236,99.74140526981608,0.06639716009847907,218.93357030234995,0
-77.75623126233742,-40.34951216031921,118.10574342265659,220.362600182553,4.525070729609005,1.541797670802114e-14,84.8981375161164,99.7888068815701,0.06632735281277236,220.362600182553,0
-80.01470467487916,-37.51556803896178,117.5302727138409,221.7923086839049,4.525076437724063,1.5449263117203905e-14,84.89824461020756,99.8361586571888,0.0662576189196186,221.7923086839049,0
-82.2243995540208,-34.65689842910867,116.88129798312953,223.2226950929309,4.52508213983784,1.4917616411778398e-14,84.89835159170431,99.8834606490679,0.06618795834185723,223.2226950929309,0
-84.38386571478291,-31.775254318972753,116.15912003375568,224.6537586969063,4.525087835956645,1.8959773481209894e-14,84.89845846072505,99.93071290954799,0.06611837100240578,224.6537586969063,0
-86.4916811325282,-28.872405288085606,115.36408642061382,226.08549878385574,4.525093526086782,2.088116825865836e-14,84.89856521738803,99.97791549091465,0.06604885682426592,226.08549878385574,0
-88.54645293891492,-25.950138444235463,114.49659138315035,227.51791464255243,4.525099210234546,2.121199131711955e-14,84.89867186181137,100.0250684453985,0.06597941573051794,227.51791464255243,0
-90.54681840324591,-23.010257344677125,113.55707574792294,228.9510055625173,4.5251048884062275,1.923966256171513e-14,84.89877839411308,100.07217182517523,0.06591004764432429,228.9510055625173,0
-92.49144589849548,-20.05458090224466,112.54602680074017,230.3847708340183,4.52511056060811,1.3319523896661191e-14,84.89888481441106,100.11922568236568,0.0658407524889287,230.3847708340183,0
-94.3790358513066,-17.084942277005055,111.46397812831167,231.81920974806948,4.5251162268464675,1.99816501441223e-14,84.89899112282303,100.16623006903589,0.06577153018765233,231.81920974806948,0
-96.2083216752553,-14.103187754105065,110.31150942936038,233.25432159643037,4.525121887127573,2.275779878046782e-14,84.89909731946665,100.21318503719716,0.06570238066390183,233.25432159643037,0
-97.97807068668631,-11.111175608480421,109.08924629516663,234.69010567160507,4.525127541457687,1.928879513460118e-14,84.89920340445941,100.26009063880612,0.06563330384116026,234.69010567160507,0
-99.68708500243166,-8.110774957104923,107.7978599595365,236.12656126684155,4.525133189843068,1.1135927277075415e-14,84.89930937791873,100.30694692576475,0.06556429964299337,236.12656126684155,0
-101.33420241873407,-5.103864599469951,106.43806701820405,237.56368767613077,4.525138832289965,7.241722433181405e-15,84.89941523996183,100.35375394992047,0.06549536799304667,237.56368767613077,0
-102.91829727070167,-2.0923318469996435,105.01062911770131,239.00148419420603,4.525144468804622,1.6533522071137618e-14,84.89952099070585,100.40051176306622,0.06542650881504541,239.00148419420603,0
-104.43828127163303,0.9219286578855438,103.5163526137474,240.43995011654206,4.525150099393276,1.6841033651853838e-14,84.89962663026785,100.44722041694045,0.06535772203279627,240.43995011654206,0
-105.89310433155971,3.937016132329808,101.95608819922978,241.87908473935434,4.525155724062157,1.2630775238890379e-14,84.89973215876466,100.49387996322723,0.06528900757018463,241.87908473935434,0
-107.28175535436466,6.9510248524923774,100.33073050187228,243.31888735959825,4.525161342817489,1.391397352766841e-14,84.8998375763131,100.54049045355629,0.06522036535117709,243.31888735959825,0
-108.60326301284313,9.9620453611383,98.64121765170482,244.75935727496835,4.525166955665488,1.7096818293502247e-14,84.89994288302978,100.58705193950307,0.06515179529981785,244.75935727496835,0
-109.85669650108753,12.968165682617602,96.88853081846982,246.20049378389757,4.525172562612366,1.9483951867877623e-14,84.90004807903125,100.6335644725888,0.06508329734023485,246.20049378389757,0
-111.04116626358545,15.96747254446242,95.07369371912306,247.64229618555643,4.525178163664327,1.2392517851657906e-14,84.9001531644339,100.68002810428054,0.06501487139663256,247.64229618555643,0
-112.15582470043573,18.95805260482982,93.19777209560581,249.08476377985227,4.52518375882757,1.595572653649437e-14,84.90025813935402,100.72644288599123,0.06494651739329807,249.08476377985227,0
-113.19986684809722,21.93799368500983,91.2618731630874,250.52789586742847,4.525189348108284,1.418724095162109e-14,84.90036300390776,100.77280886907977,0.06487823525459402,250.52789586742847,0
-114.17253103510005,24.905386006201688,89.26714502889828,251.9716917496637,4.5251949315126545,1.952221491071707e-14,84.90046775821115,100.81912610485104,0.06481002490496629,251.9716917496637,0
-115.0730995121614,27.85832342976822,87.21477608239319,253.41615072867117,4.52520050904686,1.6862107232288117e-14,84.9005724023801,100.865394644556,0.06474188626893795,253.41615072867117,0
-115.90089905616294,30.79490470015506,85.10599435600774,254.86127210729776,4.525206080717072,2.152836462121734e-14,84.90067693653043,100.91161453939173,0.06467381927111338,254.86127210729776,0
-116.65530154746033,33.71323468967072,82.94206685778963,256.30705518912333,4.5252116465294545,1.836671951516332e-14,84.90078136077776,100.95778584050149,0.06460582383617297,256.30705518912333,0
-117.33572452001233,36.61142564430378,80.72429887570857,257.7534992784599,4.525217206490168,2.265682383337374e-14,84.90088567523767,101.00390859897472,0.06453789988888012,257.7534992784599,0
-117.94163168382931,39.487598429760354,78.45403325406897,259.200603680351,4.525222760605364,1.9213063924280616e-14,84.90098988002559,101.0499828658472,0.06447004735407585,259.200603680351,0
-118.47253341926019,42.33988377688995,76.13264964237024,260.6483677005707,4.525228308881188,1.6630243992460775e-14,84.90109397525681,101.09600869210104,0.06440226615667949,260.6483677005707,0
-118.9279872426504,45.16642352566902,73.76156371698139,262.096790645623,4.5252338513237795,1.4693129043595893e-14,84.90119796104652,101.14198612866474,0.06433455622168871,262.096790645623,0
-119.30759824292257,47.96537186690941,71.34222637601316,263.54587182274105,4.525239387939272,1.1019846782696919e-14,84.90130183750979,101.18791522641327,0.06426691747418295,263.54587182274105,0
-119.61101948864606,50.73489658084831,68.87612290779767,264.9956105398863,4.52524491873379,8.26488508702269e-15,84.90140560476154,101.23379603616809,0.06419934983931702,264.9956105398863,0
-119.83795240518232,53.47318027178366,66.36477213339856,266.4460061057477,4.525250443713454,1.7577717167663912e-15,84.90150926291659,101.27962860869725,0.06413185324232565,266.4460061057477,0
-119.98814712150757,56.17842159790672,63.80972552360081,267.8970578297412,4.525255962884379,1.3183287875747934e-15,84.90161281208967,101.3254129947154,0.06406442760852402,267.8970578297412,0
-120.06140278633549,58.848836495490126,61.212566290845366,269.34876502200865,4.525261476252672,7.650084738432035e-15,84.90171625239535,101.37114924488392,0.0639970728633053,269.34876502200865,0
-120.05756785317978,61.48265939658555,58.57490845659425,270.8011269934173,4.525266983824433,7.95800960307434e-15,84.90181958394808,101.41683740981087,0.06392978893213769,270.8011269934173,0
-119.97654033401558,64.07814443938241,55.89839589463309,272.25414305555887,4.525272485605756,8.188953251556068e-15,84.9019228068622,101.46247754005113,0.06386257574057144,272.25414305555887,0
-119.8182680212192,66.63356667038539,53.18470135083372,273.7078125207488,4.525277981602727,5.905998155412696e-16,84.90202592125192,101.50806968610641,0.06379543321423178,273.7078125207488,0
-119.58274867748425,69.14722323756203,50.43552543992222,275.16213470202564,4.52528347182143,-5.1081652614698305e-15,84.90212892723133,101.55361389842535,0.06372836127882592,275.16213470202564,0
-119.27003019343299,71.61743457361952,47.652595619813475,276.6171089131501,4.52528895626794,-1.6106778968520604e-15,84.90223182491445,101.59911022740356,0.06366135986013832,276.6171089131501,0
-118.8802107126621,74.04254556856833,44.83766514409378,278.0727344686044,4.525294434948326,-2.318231447264202e-15,84.90233461441512,101.64455872338361,0.06359442888402997,278.0727344686044,0
-118.41343872398288,76.42092673073272,41.992511993250154,279.5290106835914,4.525299907868648,-3.959119634698465e-15,84.90243729584705,101.6899594366552,0.06352756827643904,279.5290106835914,0
-117.86991312063664,78.7509753353744,39.118937785262226,280.98593687403417,4.5253053750349626,-5.189785775274162e-15,84.90253986932387,101.73531241745513,0.06346077796338268,280.98593687403417,0
-117.24988322628798,81.03111656009473,36.21876666619325,282.44351235657473,4.525310836453321,-3.892339331455621e-15,84.90264233495911,101.7806177159674,0.0633940578709585,282.44351235657473,0
-116.55364878761931,83.25980460619084,33.29384418142845,283.9017364485737,4.525316292129764,-2.9192544985917155e-15,84.90274469286612,101.82587538232322,0.06332740792533675,283.9017364485737,0
-115.78155993337313,85.43552380514076,30.346036128232292,285.36060846810926,4.525321742070331,-2.1894408739437864e-15,84.90284694315818,101.87108546660112,0.0632608280527707,285.36060846810926,0
-114.93401709970954,87.55678970940264,27.377227390306896,286.8201277339768,4.525327186281051,-6.082972753958466e-15,84.90294908594842,101.91624801882696,0.06319431817958598,286.8201277339768,0
-114.01147092176952,89.62215016671506,24.38932075505444,288.2802935656876,4.525332624767947,-6.782675614719162e-15,84.90305112134986,101.96136308897403,0.06312787823218849,288.2802935656876,0
-113.01442209135647,91.63018637709781,21.38423571425858,289.7411052834686,4.52533805753704,-6.1972297356645285e-15,84.90315304947542,102.00643072696305,0.06306150813706243,289.7411052834686,0
-111.94342118067242,93.57951393175374,18.36390724891868,291.20256220826127,4.525343484594338,-6.313256838686131e-15,84.90325487043786,102.05145098266227,0.06299520782076681,291.20256220826127,0
-110.79906843206648,95.46878383308486,15.330284598981619,292.6646636617211,4.525348905945848,-9.730946239827801e-15,84.90335658434988,102.09642390588752,0.06292897720993881,292.6646636617211,0
-109.58201351377804,97.2966834950434,12.28533001873463,294.12740896621676,4.525354321597569,-1.1183990266058899e-14,84.90345819132399,102.14134954640224,0.06286281623129378,294.12740896621676,0
-108.29295524167962,99.06193772304593,9.231017518633614,295.5907974448293,4.5253597315554925,-1.1718661773419643e-14,84.90355969147265,102.18622795391757,0.06279672481162232,295.5907974448293,0
-106.93264126704702,100.7633096726917,6.169331594355244,297.0548284213516,4.525365135825605,-7.956329061595865e-15,84.90366108490817,102.23105917809235,0.06273070287779306,297.0548284213516,0
-105.50186773041034,102.39960178653298,3.102265943877339,298.5195012202873,4.525370534413888,-9.991805260463092e-15,84.90376237174273,102.27584326853327,0.06266475035675337,298.5195012202873,0
-104.00147888155976,103.96965670816033,0.031822173399421394,299.98481516685024,4.525375927326313,-1.5612359812918775e-14,84.90386355208842,102.32058027479479,0.06259886717552296,299.98481516685024,0
-102.4323666658062,105.47235817287438,-3.0399915070682333,301.4507695869639,4.525381314568849,-1.762576111494248e-14,84.9039646260572,102.36527024637934,0.06253305326120204,301.4507695869639,0
-100.7954702766211,106.90663187422791,-6.1111615976068405,302.9173638072602,4.5253866961474545,-1.1345819482151907e-14,84.90406559376088,102.40991323273725,0.062467308540964744,302.9173638072602,0
-99.09177567480069,108.271446305737,-9.179670630936366,304.3845971550792,4.5253920720680885,-1.3782923978583423e-14,84.90416645531123,102.4545092832669,0.06240163294206627,304.3845971550792,0
-97.32231507432672,109.56581357707176,-12.24349850274504,305.852468958468,4.525397442336696,-8.394302690843544e-15,84.90426721081981,102.49905844731472,0.06233602639183214,305.852468958468,0
-95.48816639511902,110.78879020405024,-15.300623808931238,307.32097854618047,4.525402806959221,-1.2957065165883597e-14,84.90436786039814,102.54356077417526,0.062270488817668807,307.32097854618047,0
-93.59045268289812,111.93947787177632,-18.349025188878233,308.7901252476758,4.525408165941599,-1.804447155910137e-14,84.90446840415758,102.58801631309123,0.0622050201470572,308.7901252476758,0
-91.63034149640178,113.01702417027401,-21.386682673872222,310.25990839311845,4.525413519289759,-1.7974245767826656e-14,84.90456884220937,102.63242511325359,0.0621396203075546,310.25990839311845,0
-89.60904426222079,114.02062330198964,-24.411579039768895,311.730327313377,4.525418867009626,-1.792157642437062e-14,84.90466917466466,102.67678722380157,0.06207428922679534,311.730327313377,0
-87.52781559754764,114.94951676054613,-27.421701162998538,313.2013813400236,4.5254242091071175,-9.555401732089917e-15,84.90476940163447,102.72110269382274,0.06200902683248982,313.2013813400236,0
-85.387952601149,115.80299398015309,-30.41504137900414,314.67306980533306,4.525429545588143,-9.38699734831775e-15,84.90486952322969,102.76537157235308,0.06194383305242179,314.67306980533306,0
-83.1907941129043,116.58039295509167,-33.389598842187404,316.14539204228225,4.525434876458609,-1.1481140109738938e-14,84.90496953956115,102.80959390837695,0.06187870781445626,316.14539204228225,0
-80.93771994226945,117.28110082871166,-36.34338088644222,317.61834738454934,4.525440201724414,-1.4161970205429985e-14,84.90506945073948,102.85376975082731,0.06181365104652786,317.61834738454934,0
-78.6301500660531,117.90455445139672,-39.27440438534365,319.091935166513,4.52544552139145,-2.283393092494921e-14,84.90516925687524,102.8978991485856,0.0617486626766523,319.091935166513,0
-76.2695437959139,118.4502409069713,-42.18069711105742,320.56615472325177,4.525450835465604,-2.6007232390713158e-14,84.90526895807886,102.94198215048186,0.061683742632916455,320.56615472325177,0
-73.85739891601125,118.91769800704321,-45.06029909103199,322.04100539054326,4.525456143952754,-2.7276985465410963e-14,84.90536855446068,102.98601880529486,0.06161889084348557,322.04100539054326,0
-71.39525079126574,119.30651475279414,-47.911263961528434,323.5164865048634,4.5254614468587775,-2.711907724680916e-14,84.9054680461309,103.03000916175203,0.061554107236601985,323.5164865048634,0
-68.8846714467058,119.61633176375221,-50.73166031704643,324.9925974033857,4.525466744189539,-1.70086388612314e-14,84.90556743319961,103.07395326852959,0.06148939174057824,324.9925974033857,0
-66.32726861840453,119.84684167309916,-53.51957305469465,326.46933742398045,4.5254720359509015,-1.4976925195173864e-14,84.90566671577676,103.11785117425259,0.06142474428380662,326.46933742398045,0
-63.72468477652753,119.99778948908798,-56.27310471256045,327.9467059052143,4.525477322148721,-1.4563362970255867e-14,84.90576589397224,103.16170292749493,0.061360164794753674,327.9467059052143,0
-61.07859612103957,120.06897292216567,-58.99037680112613,329.4247021863491,4.525482602788845,-1.6473637350817684e-14,84.90586496789578,103.20550857677947,0.061295653201960315,329.4247021863491,0
-58.39071155063893,120.0602426774206,-61.66953112678169,330.9033256073415,4.525487877877119,-2.1237012210114514e-14,84.905963937657,103.24926817057803,0.061231209434044226,330.9033256073415,0
-55.66277160550506,119.9715027119935,-64.30873110648845,332.3825755088421,4.525493147419378,-2.4809543354587137e-14,84.90606280336544,103.29298175731151,0.06116683341969631,332.3825755088421,0
-52.89654738447702,119.80271045711538,-66.90616307263839,333.86245123219453,4.525498411421454,-3.637072590994286e-14,84.90616156513047,103.33664938534986,0.06110252508768324,333.86245123219453,0
-50.093839437288736,119.55387700445837,-69.46003756716969,335.3429521194351,4.525503669889171,-3.838027467870871e-14,84.90626022306138,103.38027110301219,0.06103828436684647,335.3429521194351,0
-47.256476632519316,119.2250672565084,-71.96859062398907,336.8240775132918,4.525508922828348,-3.544654415678247e-14,84.90635877726731,103.42384695856681,0.06097411118610224,336.8240775132918,0
-44.386315001929155,118.81640004069257,-74.43008503876344,338.3058267571837,4.525514170244798,-2.6584908117586854e-14,84.90645722785737,103.4673770002313,0.06091000547444231,338.3058267571837,0
-41.4852365618775,118.32804818701888,-76.8428116251414,339.7881991952201,4.525519412144326,-2.2159127137440455e-14,84.90655557494046,103.5108612761725,0.060845967160931075,339.7881991952201,0
-38.5551481125334,117.76023856900876,-79.20509045647538,341.2711941721999,4.525524648532734,-2.1060237451580966e-14,84.9066538186254,103.55429983450666,0.06078199617471114,341.2711941721999,0
-35.59798001561465,117.11325210772921,-81.51527209211459,342.75481103361085,4.525529879415815,-2.023607018718635e-14,84.90675195902092,103.59769272329942,0.06071809244499582,342.75481103361085,0
-32.61568495140603,116.38742373875512,-83.77173878734908,344.23904912562887,4.525535104799356,-2.8499728935891644e-14,84.90684999623558,103.64103999056587,0.06065425590107276,344.23904912562887,0
-29.610236655827606,115.58314234191832,-85.9729056860907,345.72390779511727,4.525540324689141,-2.3595242751169046e-14,84.90694793037788,103.68434168427065,0.06059048647230736,345.72390779511727,0
-26.583628638340855,114.70085063372474,-88.11722199538386,347.209386389626,4.525545539090945,-2.4357770211127723e-14,84.9070457615562,103.72759785232795,0.06052678408813825,347.209386389626,0
-23.537872881500412,113.74104502234741,-90.20317214084702,348.69548425739094,4.525550748010541,-2.2709219756846418e-14,84.9071434898788,103.7708085426016,0.060463148678078144,348.69548425739094,0
-20.474998522973316,112.70427542512853,-92.22927690215519,350.18220074733335,4.525555951453686,-2.5913699014636065e-14,84.90724111545377,103.8139738029051,0.06039958017170918,350.18220074733335,0
-17.397050520867285,111.59114504855035,-94.19409452768309,351.6695352090589,4.525561149426143,-2.3876166359477674e-14,84.90733863838918,103.85709368100167,0.0603360784986946,351.6695352090589,0
-14.306088303223218,110.40231013066014,-96.09622182743692,353.15748699285706,4.525566341933663,-2.0127570818858566e-14,84.90743605879292,103.90016822460434,0.06027264358876866,353.15748699285706,0
-11.204184402543778,109.13847964596225,-97.93429524341849,354.6460554497004,4.525571528981991,-2.1757016261894864e-14,84.9075333767728,103.94319748137595,0.06020927537173848,354.6460554497004,0
-8.09342307624708,107.80041497281613,-99.70699189656902,356.13523993124386,4.525576710576865,-2.0758654294921775e-14,84.90763059243649,103.98618149892924,0.06014597377748482,356.13523993124386,0
-4.975898913943686,106.3889295234053,-101.41303060946163,357.62503978982403,4.525581886724019,-2.223032886894227e-14,84.90772770589155,104.0291203248269,0.06008273873596373,357.62503978982403,0
-1.8537154324569927,104.9048883363712,-103.05117290391422,359.11545437845837,4.525587057429184,-1.445230060245639e-14,84.90782471724548,104.07201400658161,0.06001957017720644,359.11545437845837,0
1.2710163404897628,103.34920763222948,-104.62022397271919,0.606483050844588,4.525592222698077,-1.528011755034292e-14,84.90792162660559,104.11486259165608,0.059956468031313215,0.606483050844588,0
4.3961792929710946,101.72285433171801,-106.11903362468908,2.098125161359933,4.525597382536416,-1.3680534212007503e-14,84.90801843407911,104.15766612746314,0.05989343222846108,2.098125161359933,0
7.519651664992994,100.0268455372481,-107.54649720224106,3.5903800650603745,4.525602536949911,-1.0260400659005627e-14,84.9081151397732,104.20042466136577,0.05983046269890116,3.5903800650603745,0
10.639308493094104,98.26224797766021,-108.9015564707543,5.083247117679969,4.525607685944264,-6.585077469629064e-15,84.90821174379482,104.24313824067715,0.059767559372954165,5.083247117679969,0
13.753023062438395,96.43017741651335,-110.18320047895176,6.576725675630129,4.525612829525173,-4.938808102221798e-15,84.9083082462509,104.28580691266072,0.05970472218101738,6.576725675630129,0
16.858668365412125,94.53179802416142,-111.39046638957356,8.07081509599891,4.525617967698328,-8.144998175166974e-15,84.90840464724818,104.32843072453021,0.05964195105355927,8.07081509599891,0
19.954118565728326,92.56832171390008,-112.52244027962838,9.565514736550298,4.525623100469416,-8.329194680625544e-15,84.90850094689337,104.37100972344973,0.05957924592112296,9.565514736550298,0
23.03725046703287,90.54100744249263,-113.57825790952548,11.060823955723503,4.525628227844118,-8.467342059719471e-15,84.90859714529302,104.41354395653381,0.05951660671432518,11.060823955723503,0
26.10594498499808,88.45116047541161,-114.55710546040969,12.556742112632243,4.525633349828104,-4.130060495539291e-15,84.90869324255355,104.45603347084744,0.05945403336385191,12.556742112632243,0
29.15808862188183,86.30013161715908,-115.4582202390409,14.053268567064038,4.525638466427044,-6.428214445529938e-15,84.90878923878132,104.49847831340612,0.05939152580046614,14.053268567064038,0
32.19157494252356,84.08931640705518,-116.2808913495787,15.550402679479502,4.5256435776465995,-2.6007147848971408e-15,84.90888513408254,104.54087853117593,0.05932908395500158,15.550402679479502,0
35.204306050741835,81.8201542809121,-117.02446033165394,17.048143811011634,4.525648683492426,-3.060759113298012e-15,84.90898092856334,104.58323417107357,0.05926670775836532,17.048143811011634,0
38.1941940650929,79.49412769903654,-117.68832176412943,18.546491323465116,4.525653783970172,-2.295569334973509e-15,84.90907662232968,104.62554527996639,0.05920439714153597,18.546491323465116,0
41.159162592944845,77.11276124102957,-118.27192383397438,20.045444579315596,4.5256588790854835,-1.1665654889175534e-15,84.90917221548749,104.66781190467249,0.05914215203556794,20.045444579315596,0
44.097148201817674,74.67762066788023,-118.77476886969791,21.545002941708997,4.525663968843996,2.455744957187304e-15,84.90926770814251,104.71003409196076,0.05907997237158252,21.545002941708997,0
47.00610188693636,72.19031195187416,-119.1964138388105,23.0451657744608,4.525669053251342,4.617366279453369e-15,84.90936310040041,104.75221188855089,0.05901785808077753,23.0451657744608,0
49.88399053394137,69.65248027486436,-119.53647080880572,24.54593244205534,4.5256741323131475,6.238582271152918e-15,84.90945839236674,104.79434534111346,0.058955809094422884,24.54593244205534,0
52.72879837569931,67.06580899547741,-119.7946073711767,26.04730230964512,4.525679206035035,8.009605777240158e-15,84.90955358414699,104.83643449626999,0.05889382534386137,26.04730230964512,0
55.53852844215502,64.43201858585238,-119.97054702800739,27.54927474305008,4.525684274422615,7.672538869867852e-15,84.90964867584644,104.87847940059298,0.05883190676050487,27.54927474305008,0
58.311204002166455,61.75286553853628,-120.06406954070269,29.05184910875693,4.525689337481499,8.946295348198214e-15,84.90974366757032,104.92048010060596,0.05877005327583981,29.05184910875693,0
61.044869996263934,59.030141244182495,-120.0750112404464,30.55502477391841,4.525694395217287,1.2191447695235371e-14,84.90983855942378,104.96243664278356,0.05870826482142438,30.55502477391841,0
63.73759445927638,56.26567084072501,-120.00326530000139,32.05880110635263,4.525699447635576,1.2508949314821534e-14,84.90993335151175,105.00434907355152,0.05864654132888736,32.05880110635263,0
66.3874699317698,53.46131203472311,-119.84878196649288,33.563177474542336,4.525704494741958,1.271238105999162e-14,84.91002804393918,105.04621743928682,0.0585848827299319,33.563177474542336,0
68.99261485924498,50.61895389559639,-119.61156875484137,35.06815324763423,4.525709536542017,1.3975177893494341e-14,84.91012263681083,105.08804178631763,0.058523288956331604,35.06815324763423,0
71.55117497804613,47.74051562349247,-119.29169060153856,36.57372779543826,4.525714573041331,1.4367164006308804e-14,84.91021713023135,105.12982216092344,0.058461759939929775,36.57372779543826,0
74.0613246869356,44.82794529155183,-118.88926997848742,38.079900488426944,4.525719604245473,1.521626510323223e-14,84.91031152430531,105.17155860933508,0.05840029561264451,38.079900488426944,0
76.52126840329547,41.88321856335827,-118.4044869666537,39.58667069773466,4.525724630160011,1.7518425462862533e-14,84.91040581913717,105.21325117773476,0.058338895906464266,39.58667069773466,0
78.9292419029225,38.90833738638292,-117.83757928930537,41.094037795156936,4.525729650790507,2.0910380269522997e-14,84.91050001483127,105.25489991225616,0.05827756075345042,41.094037795156936,0
81.28351364238966,35.9053286622536,-117.18884230464325,42.60200115314978,4.525734666142514,2.2899234862205763e-14,84.91059411149183,105.29650485898445,0.05821629008573187,42.60200115314978,0
83.58238606295538,32.876242894700496,-116.45862895765583,44.110560144828966,4.525739676221583,2.383576429440526e-14,84.91068810922296,105.33806606395632,0.05815508383551199,44.110560144828966,0
85.82419687500915,29.823152816049813,-115.64734969105892,45.61971414396936,4.5257446810332596,2.2317715319304573e-14,84.91078200812869,105.37958357316009,0.05809394193506692,45.61971414396936,0
88.00732032205173,26.748151993158224,-114.7554723152099,47.12946252500421,4.525749680583078,2.3399624637229367e-14,84.91087580831291,105.42105743253573,0.05803286431673907,47.12946252500421,0
90.13016842321859,23.653353413697634,-113.78352183691618,48.63980466302445,4.5257546748765725,2.0880387551797495e-14,84.91096950987941,105.4624876879749,0.05797185091294607,48.63980466302445,0
92.19119219336443,20.54088805372191,-112.73208024708632,50.150739933778034,4.525759663919269,2.3431851836224217e-14,84.91106311293187,105.50387438532101,0.05791090165617535,50.150739933778034,0
94.1888828397397,17.412903427462016,-111.60178626720167,51.662267713669216,4.525764647716689,2.5345450049544257e-14,84.9111566175739,105.54521757036929,0.057850016478986604,51.662267713669216,0
96.12177293430096,14.271562120316204,-110.39333505461711,53.17438737975788,4.525769626274345,2.4560202660283974e-14,84.9112500239089,105.58651728886679,0.05778919531400656,53.17438737975788,0
97.98843756071115,11.119040306017292,-109.10747786672844,54.68709830975885,4.525774599597747,2.0640598044463293e-14,84.91134333204027,105.62777358651248,0.05772843809393674,54.68709830975885,0
99.787495435098,7.957526248976763,-107.7450216840747,56.20039988204119,4.525779567692398,2.2141786681098408e-14,84.91143654207126,105.66898650895729,0.05766774475154815,56.20039988204119,0
101.51760999965498,4.789218792818759,-106.30682879247371,57.71429147562751,4.525784530563796,2.215745513394959e-14,84.911529654105,105.71015610180416,0.05760711521968287,57.71429147562751,0
103.17749048818384,1.6163258361355832,-104.79381632431938,59.22877247019331,4.525789488217433,2.327942949821313e-14,84.91162266824452,105.75128241060807,0.05754654943125323,59.22877247019331,0
104.76589296269293,-1.558937203493017,-103.20695575919987,60.743842246066265,4.525794440658793,2.1900464222160474e-14,84.91171558459274,105.7923654808761,0.057486047319240674,60.743842246066265,0
106.28162132018421,-4.7343489361578595,-101.54727238402631,62.25950018422554,4.525799387893357,2.3086686314371294e-14,84.91180840325246,105.83340535806751,0.05742560881669856,62.25950018422554,0
107.72352826877736,-7.90768355588589,-99.81584471289143,63.77574566630113,4.525804329926598,2.6196798932779724e-14,84.91190112432642,105.87440208759374,0.05736523385675088,63.77574566630113,0
109.09051627233886,-11.076712405429577,-98.01380386690921,65.29257807457314,4.525809266763986,2.630893734733573e-14,84.91199374791718,105.9153557148185,0.05730492237259166,65.29257807457314,0
110.38153846280294,-14.239205548486833,-96.14233291431606,66.80999679197114,4.525814198410982,2.195214905975211e-14,84.91208627412725,105.95626628505782,0.05724467429748456,66.80999679197114,0
111.59559951938992,-17.392933348245208,-94.20266617114468,68.32800120207347,4.5258191248730455,2.090500389331471e-14,84.91217870305901,105.99713384358006,0.057184489564764795,68.32800120207347,0
112.73175651394885,-20.535668051135957,-92.1960884628129,69.8465906891065,4.525824046155625,2.0119645018486657e-14,84.91227103481474,106.03795843560599,0.05712436810783536,69.8465906891065,0
113.78911972167226,-23.66518537467348,-90.12393434699871,71.36576463794407,4.525828962264168,1.7310179813115305e-14,84.91236326949658,106.07874010630884,0.05706430986017147,71.36576463794407,0
114.76685339645188,-26.779266098247454,-87.98758729820435,72.88552243410668,4.525833873204113,1.5203080909086792e-14,84.91245540720662,106.11947890081437,0.05700431475531778,72.88552243410668,0
115.66417651016752,-29.875697655726785,-85.78847885444064,74.4058634637609,4.525838778980895,1.584320278031572e-14,84.91254744804681,106.16017486420087,0.056944382726888315,74.4058634637609,0
116.4803634552234,-32.95227572872856,-83.52808772649479,75.92678711371865,4.525843679599942,1.6323294183737415e-14,84.91263939211898,106.20082804149925,0.0568845137085664,75.92678711371865,0
117.21474470967092,-36.00680583939869,-81.20793887027223,77.44829277143654,4.525848575066677,1.8903808785554e-14,84.91273123952489,106.24143847769307,0.05682470763410721,77.44829277143654,0
117.86670746428015,-39.03710494154553,-78.82960252273459,78.97037982501517,4.525853465386515,1.8618748687666127e-14,84.91282299036614,106.28200621771857,0.05676496443733156,78.97037982501517,0
118.43569621094785,-42.041003008964026,-76.39469320198381,80.49304766319848,4.52585835056487,1.840495361425022e-14,84.91291464474428,106.32253130646481,0.05670528405213546,80.49304766319848,0
118.92121329185525,-45.01634461978321,-73.90486867207201,82.01629567537304,4.525863230607145,1.8244607309188292e-14,84.9130062027607,106.3630137887736,0.05664566641247862,82.01629567537304,0
119.32281940881477,-47.96099053566922,-71.36182887314547,83.54012325156742,4.525868105518742,1.5903901531141532e-14,84.91309766451674,106.40345370943963,0.05658611145239492,83.54012325156742,0
119.64013409227113,-50.87281927471202,-68.76731481755904,85.06452978245147,4.525872975305054,1.4148372197606461e-14,84.91318903011359,106.44385111321048,0.05652661910598447,85.06452978245147,0
119.87283612945079,-53.74972867682412,-66.12310745262663,86.58951465933568,4.52587783997147,1.0611279148204846e-14,84.91328029965234,106.4842060447867,0.05646718930741784,86.58951465933568,0
120.02066395117937,-56.589637460480155,-63.43102649069921,88.11507727417046,4.525882699523373,1.239935145965426e-14,84.91337147323401,106.52451854882183,0.05640782199093605,88.11507727417046,0
120.08341597691684,-59.390486769625504,-60.69292920729133,89.64121701954554,4.52588755396614,1.1519959643991009e-14,84.91346255095947,106.56478866992246,0.0563485170908469,89.64121701954554,0
120.0609509175876,-62.15024170958483,-57.91070920800273,91.16793328868923,4.525892403305142,1.0860415782243569e-14,84.9135535329295,106.60501645264831,0.05628927454152852,91.16793328868923,0
119.95318803581257,-64.8668928708038,-55.08629516500871,92.69522547546778,4.525897247545746,9.255534861307833e-15,84.91364441924476,106.64520194151223,0.056230094277428255,92.69522547546778,0
119.76010736317971,-67.53845783926045,-52.22164952391924,94.22309297438473,4.525902086693311,8.051874170606031e-15,84.91373521000583,106.68534518098026,0.05617097623306014,94.22309297438473,0
119.4817498742194,-70.16298269238699,-49.31876718183236,95.75153518058016,4.525906920753193,6.038905627954523e-15,84.91382590531319,106.72544621547172,0.05611192034301171,95.75153518058016,0
119.11821761678134,-72.73854347934926,-46.37967413743205,97.28055148983013,4.525911749730739,7.859848294841362e-15,84.91391650526714,106.7655050893592,0.05605292654193339,97.28055148983013,0
118.66967379854185,-75.2632476845342,-43.406426114007594,98.81014129854593,4.525916573631294,4.784663196505865e-15,84.91400700996799,106.80552184696866,0.05599399476454997,98.81014129854593,0
118.13634282939933,-77.73523567310721,-40.40110715629205,100.34030400377344,4.525921392460195,4.698720422004555e-15,84.91409741951585,106.84549653257945,0.05593512494565067,100.34030400377344,0
117.51851031954942,-80.15268211750414,-37.36582820204523,101.87103900319246,4.525926206222774,3.524040316503416e-15,84.91418773401077,106.88542919042436,0.05587631702009441,101.87103900319246,0
116.81652303306234,-82.51379740373598,-34.30272562932631,103.40234569511607,4.525931014924358,1.5328072127524058e-15,84.91427795355268,106.92531986468968,0.05581757092280987,103.40234569511607,0
116.03078879681668,-84.81682901639088,-31.213959780425764,104.93422347848988,4.525935818570269,3.9382384939147887e-17,84.91436807824144,106.96516859951525,0.05575888658879519,104.93422347848988,0
115.16177636467768,-87.06006290123025,-28.101713463447382,106.4666717528915,4.525940617165821,-1.0806862359207954e-15,84.91445810817675,107.0049754389945,0.05570026395311273,106.4666717528915,0
114.21001523683937,-89.24182480428694,-24.968190432552394,107.99968991852974,4.525945410716323,-3.03096072619091e-15,84.91454804345823,107.0447404271745,0.055641702950895155,107.99968991852974,0
113.17609543428388,-91.36048158638518,-21.815613847898636,109.53327737624404,4.52595019922708,-5.048778106206073e-15,84.91463788418537,107.08446360805601,0.05558320351734358,109.53327737624404,0
112.06066722834446,-93.41444251201665,-18.6462247163278,111.06743352750377,4.525954982703391,-7.117252653530025e-15,84.91472763045762,107.12414502559353,0.05552476558772837,111.06743352750377,0
110.8644408253911,-95.40216051151896,-15.462280313872073,112.60215777440753,4.525959761150549,-8.668608564022988e-15,84.91481728237429,107.16378472369536,0.05546638909738644,112.60215777440753,0
109.58818600669235,-97.32213341552098,-12.266052591171366,114.13744951968259,4.525964534573842,-7.0565679353298186e-15,84.91490684003456,107.20338274622361,0.05540807398172376,114.13744951968259,0
108.23273172354047,-99.17290516063089,-9.05982656290953,115.67330816668414,4.52596930297855,-1.1398652586935725e-14,84.91499630353752,107.2429391369943,0.05534982017621093,115.67330816668414,0
106.79896564775987,-100.95306696536515,-5.845898682394703,117.20973311939464,4.52597406636995,-9.381656708670662e-15,84.91508567298219,107.28245393977737,0.05529162761639109,117.20973311939464,0
105.28783367775408,-102.66125847532797,-2.6265752024260376,118.74672378242322,4.525978824753315,-1.383635855733208e-14,84.91517494846745,107.32192719829675,0.055233496237873464,118.74672378242322,0
103.70033940027896,-104.29616887667497,0.5958294763960421,120.28427956100494,4.525983578133906,-1.5165105711695047e-14,84.91526413009205,107.36135895623039,0.05517542597633179,120.28427956100494,0
102.03754350816567,-105.85653797690978,3.818994468744154,121.82239986100019,4.525988326516987,-1.0402384137224273e-14,84.91535321795472,107.40074925721034,0.05511741676751289,121.82239986100019,0
100.30056317424872,-107.3411572520843,7.040594077835604,123.36108408889402,4.525993069907808,-1.0022234152168518e-14,84.915442212154,107.44009814482274,0.05505946854722599,123.36108408889402,0
98.49057138179042,-108.74887085949433,10.258299477703993,124.90033165179547,4.525997808311621,-1.390045800572104e-14,84.91553111278839,107.47940566260795,0.0550015812513516,124.90033165179547,0
96.60879621172587,-110.07857661498292,13.469780403257115,126.44014195743692,4.526002541733669,-8.760008967353045e-15,84.91561991995626,107.51867185406051,0.054943754815837825,126.44014195743692,0
94.65652008708646,-111.32922693398665,16.672706846900176,127.98051441417344,4.526007270179188,-1.1566010336327988e-14,84.91570863375587,107.55789676262927,0.05488598917669671,127.98051441417344,0
92.63507897499439,-112.49982973548398,19.86475076048964,129.52144843098213,4.526011993653412,-1.589095741230951e-14,84.9157972542854,107.59708043171737,0.054828284270009575,129.52144843098213,0
90.54586154665373,-113.58944930802816,23.043587761374457,131.06294341746147,4.526016712161565,-1.8024444694670493e-14,84.91588578164287,107.63622290468236,0.05477064003192417,131.06294341746147,0
88.39030829579707,-114.59720713707098,26.20689884127394,132.60499878383067,4.52602142570887,-1.7959225619503498e-14,84.91597421592627,107.67532422483613,0.05471305639865734,132.60499878383067,0
86.16991061608068,-115.5222826928112,29.35237207673055,134.14761394092898,4.526026134300543,-2.0130757362378562e-14,84.91606255723345,107.71438443544511,0.05465553330649142,134.14761394092898,0
83.88620983795337,-116.36391417782629,32.47770433987295,135.6907883002151,4.526030837941792,-2.0649183144909704e-14,84.91615080566214,107.7534035797302,0.05459807069177408,135.6907883002151,0
81.54079622555838,-117.12139923377258,35.580603008214226,137.23452127376652,4.526035536637824,-2.2148225506433217e-14,84.91623896131001,107.79238170086688,0.054540668490924454,137.23452127376652,0
79.13530793425855,-117.7940956064681,38.65878767220958,138.77881227427878,4.5260402303938365,-1.994183820370038e-14,84.91632702427461,107.83131884198522,0.05448332664042338,138.77881227427878,0
76.67142992940933,-118.38142176869911,41.709991839289806,140.32366071506496,4.526044919215025,-1.9397270751275912e-14,84.91641499465337,107.87021504616996,0.05442604507682308,140.32366071506496,0
74.15089286703504,-118.88285750012069,44.731964633085674,141.8690660100549,4.526049603106576,-1.2327507014206622e-14,84.91650287254363,107.90907035646052,0.054368823736739014,141.8690660100549,0
71.57547193709512,-119.2979444236517,47.72247248655659,143.41502757379465,4.526054282073672,-1.3686522359155592e-14,84.91659065804264,107.94788481585108,0.05431166255685435,143.41502757379465,0
68.9469856700603,-119.62628649779391,50.67930082773365,144.96154482144578,4.526058956121493,-2.0256898990993102e-14,84.91667835124753,107.98665846729064,0.05425456147392063,144.96154482144578,0
66.26729470754762,-119.8675504643363,53.600255756788684,146.50861716878472,4.526063625255209,-1.741312029249514e-14,84.91676595225533,108.02539135368302,0.05419752042475348,146.50861716878472,0
63.538300537794974,-120.02146625093603,56.48316571314108,148.05624403220213,4.526068289479987,-1.9721178367122293e-14,84.91685346116299,108.06408351788694,0.054140539346235805,148.05624403220213,0
60.76194419678531,-120.0878273281009,59.325883131315614,149.60442482870224,4.526072948800988,-1.5901106799966877e-14,84.91694087806732,108.10273500271607,0.05408361817531704,149.60442482870224,0
57.94020493586114,-120.06649102012857,62.126286084267456,151.15315897590224,4.526077603223368,-1.6366722198475783e-14,84.91702820306506,108.14134585093905,0.05402675684901301,151.15315897590224,0
55.075098856698155,-119.95737876959234,64.8822799128942,152.70244589203165,4.526082252752276,-2.115682584585809e-14,84.91711543625283,108.17991610527956,0.0539699553044041,152.70244589203165,0
52.16867751453641,-119.76047635499559,67.59179884045922,154.25228499593157,4.526086897392857,-1.808806543364388e-14,84.91720257772715,108.21844580841636,0.05391321347863953,154.25228499593157,0
49.22302649059428,-119.47583406125139,70.25280757065713,155.80267570705414,4.526091537150252,-2.4668279321484473e-14,84.91728962758447,108.25693500298335,0.053856531308933864,155.80267570705414,0
46.24026393462003,-119.10356680267742,72.8633028680574,157.35361744546185,4.526096172029594,-2.2942101589613982e-14,84.91737658592109,108.2953837315696,0.053799908732565904,157.35361744546185,0
43.22253907856009,-118.64385419823194,75.42131511967185,158.90510963182692,4.526100802036011,-1.2765684093709861e-14,84.91746345283323,108.3337920367194,0.05374334568688227,158.90510963182692,0
40.17203072235266,-118.09694059875049,77.92490987639785,160.45715168743067,4.526105427174626,-9.574263070282396e-15,84.917550228417,108.37215996093232,0.053686842109292865,160.45715168743067,0
37.0909456928774,-117.46313506597953,80.37218937310215,162.00974303416285,4.526110047450558,-1.1621589401212424e-14,84.91763691276844,108.41048754666323,0.05363039793727875,162.00974303416285,0
33.98151727712051,-116.74281130323757,82.76129402611708,163.562883094521,4.5261146628689195,-1.5377530198660258e-14,84.91772350598347,108.4487748363224,0.0535740131083815,163.562883094521,0
30.846003630635703,-115.93640753757221,85.09040390693652,165.11657129160983,4.526119273434816,-2.0414931845996448e-14,84.9178100081579,108.48702187227546,0.05351768756020922,165.11657129160983,0
27.686686162408304,-115.0444263533162,87.35774019090792,166.6708070491406,4.526123879153352,-1.5311198884497336e-14,84.91789641938746,108.52522869684356,0.05346142123044012,166.6708070491406,0
24.50586789724956,-114.06743447698351,89.56156657973395,168.2255897914304,4.526128480029621,-1.814473731112394e-14,84.91798273976775,108.56339535230329,0.05340521405681084,168.2255897914304,0
21.305871816872074,-113.00606251348152,91.70019069660947,169.7809189434016,4.5261330760687155,-1.3608552983342956e-14,84.91806896939428,108.60152188088684,0.05334906597712802,169.7809189434016,0
18.08903918081987,-111.86100463365551,93.77196545283563,171.3367939305812,4.52613766727572,-1.0206414737507217e-14,84.91815510836248,108.63960832478197,0.05329297692926277,171.3367939305812,0
14.857727828443874,-110.63301821321485,95.77529038477098,172.89321417910014,4.526142253655716,-9.875257102380725e-15,84.91824115676765,108.67765472613212,0.05323694685115152,172.89321417910014,0
11.614310463135668,-109.32292342313121,97.7086129599956,174.45017911569278,4.526146835213777,-7.406442826785545e-15,84.91832711470501,108.71566112703638,0.053180975680795106,174.45017911569278,0
8.36117292005233,-107.9316027716349,99.57042985158256,176.00768816769607,4.526151411954974,-1.2216170267840098e-14,84.91841298226967,108.75362756954962,0.053125063356261354,176.00768816769607,0
5.100712418579566,-106.46000059797225,101.35928817939273,177.56574076304915,4.526155983884371,-6.941681651629761e-15,84.91849875955667,108.79155409568246,0.05306920981568222,177.56574076304915,0
1.835335800801293,-104.9091225181275,103.07378671732617,179.12433633029252,4.526160551007025,-1.1867599386473259e-14,84.91858444666087,108.82944074740136,0.05301341499725307,179.12433633029252,0
-1.4325422427423466,-103.28003482274609,104.71257706548842,180.68347429856752,4.526165113327991,-6.680253490604632e-15,84.91867004367714,108.86728756662868,0.05295767883923677,180.68347429856752,0
-4.700500958709329,-101.57386382753864,106.27436478624803,182.24315409761567,4.526169670852318,-7.230636167203786e-15,84.91875555070015,108.90509459524267,0.05290200127996028,182.24315409761567,0
-7.966115326710541,-99.79179517647863,107.75791050318918,183.80337515777805,4.526174223585049,-7.643423174653153e-15,84.91884096782456,108.9428618750776,0.05284638225781618,183.80337515777805,0
-11.2269578638386,-97.9350730981457,109.16203096198426,185.3641369099946,4.526178771531222,-5.732567380989865e-15,84.91892629514487,108.98058944792369,0.052790821711260094,185.3641369099946,0
-14.480600436631628,-96.0049996156058,110.48560005223737,186.92543878580366,4.526183314695868,-4.299425535742398e-15,84.9190115327555,109.01827735552729,0.05273531957881322,186.92543878580366,0
-17.72461607912139,-94.00293371025413,111.72754978937556,188.4872802173411,4.526187853084014,-3.2245691518067987e-15,84.91909668075074,109.05592563959081,0.05267987579906036,188.4872802173411,0
-20.956580815605953,-91.93029044008533,112.88687125569128,190.04966063733985,4.526192386700682,-3.5286498884802554e-15,84.91918173922481,109.09353434177285,0.052624490310651834,190.04966063733985,0
-24.174075486775298,-89.78854001289152,113.96261549966682,191.61257947912932,4.52619691555089,-1.5362643917350351e-15,84.91926670827185,109.1311035036882,0.05256916305230416,191.61257947912932,0
-27.374687577810644,-87.57920681492874,114.9538943927394,193.17603617663463,4.526201439639648,-4.197526917611999e-17,84.91935158798589,109.16863316690787,0.052513893962795516,193.17603617663463,0
-30.556013047071765,-85.30386839562422,115.859881442696,194.74003016437604,4.526205958971961,-1.1417044765072463e-15,84.91943637846082,109.20612337295921,0.052458682980969396,194.74003016437604,0
-33.7156581539788,-82.96415440893676,116.67981256291552,196.30456087746836,4.526210473552833,2.5394466724472174e-16,84.91952107979048,109.24357416332589,0.05240353004573514,196.30456087746836,0
-36.85124128469001,-80.56174551201735,117.4129867967073,197.86962775162027,4.526214983387257,1.904585004335413e-16,84.91960569206861,109.28098557944796,0.05234843509606371,197.86962775162027,0
-39.960394774172116,-78.0983722218537,118.05876699602582,199.43523022313377,4.526219488480224,1.2530668999503126e-15,84.91969021538881,109.31835766272191,0.05229339807099101,199.43523022313377,0
-43.04076672325823,-75.57581373061616,118.61658045387436,201.00136772890346,4.526223988836717,2.050023199587891e-15,84.9197746498446,109.3556904545007,0.05223841890961778,201.00136772890346,0
-46.09002280928343,-72.99589668045866,119.0859194897421,202.568039706416,4.526228484461718,3.757963448941231e-15,84.91985899552942,109.39298399609382,0.05218349755110879,202.568039706416,0
-49.105848088890276,-70.3604938985633,119.46634198745352,204.13524559374943,4.526232975360202,6.149141660581393e-15,84.91994325253661,109.43023832876732,0.05212863393469261,204.13524559374943,0
-52.08594879159249,-67.67152309324999,119.75747188484249,205.70298482957259,4.526237461537137,7.942525319311514e-15,84.92002742095941,109.46745349374388,0.052073827999661676,205.70298482957259,0
-55.02805410269092,-64.93094551200764,119.95899961469858,207.27125685314445,4.526241942997486,5.679338233327346e-15,84.92011150089093,109.50462953220281,0.052019079685371145,207.27125685314445,0
-57.92991793413289,-62.14076456233537,120.0706824964682,208.84006110431358,4.52624641974621,1.0504508188512016e-14,84.9201954924242,109.54176648528018,0.05196438893124172,208.84006110431358,0
-60.78932068191412,-59.303024396314754,120.09234507822886,210.4093970235174,4.526250891788262,1.1070272337181337e-14,84.92027939565219,109.57886439406875,0.051909755676757624,210.4093970235174,0
-63.60407096862317,-56.41980845986896,120.02387942849214,211.9792640517817,4.526255359128588,7.886370618651569e-15,84.9203632106677,109.6159232996181,0.05185517986146301,211.9792640517817,0
-66.3720073697362,-53.49323800769101,119.86524537742719,213.5496616307199,4.526259821772135,1.507411791714622e-14,84.92044693756351,109.65294324293468,0.05180066142497258,213.5496616307199,0
-69.09100012227489,-50.52547058485908,119.616470707134,215.1205892025325,4.526264279723839,1.4358701755578843e-14,84.92053057643226,109.6899242649818,0.05174620030695823,215.1205892025325,0
-71.75895281444976,-47.51869847618483,119.27765129063462,216.69204621000645,4.526268732988633,1.6875252952122494e-14,84.92061412736648,109.72686640667969,0.05169179644715857,216.69204621000645,0
-74.3738040549184,-44.47514712436933,118.84895117928764,218.26403209651454,4.526273181571445,1.8207554837217653e-14,84.92069759045863,109.7637697089056,0.05163744978537382,218.26403209651454,0
-76.93352912029889,-41.39707351807245,118.33060263837132,219.83654630601478,4.5262776254771975,1.2545443103288084e-14,84.92078096580109,109.80063421249376,0.05158316026146986,219.83654630601478,0
-79.43614157959044,-38.286764551028156,117.72290613061851,221.40958828304974,4.526282064710807,1.329486291365411e-14,84.92086425348606,109.83745995823548,0.05152892781537219,221.40958828304974,0
-81.87969489416413,-35.14653535336422,117.02623024752833,222.98315747274603,4.526286499277186,1.1081370209865739e-14,84.92094745360573,109.87424698687921,0.051474752387072775,222.98315747274603,0
-84.26228399200073,-31.978727596315522,116.24101158831628,224.55725332081357,4.526290929181242,1.60825888297754e-14,84.92103056625218,109.91099533913054,0.05142063391662566,224.55725332081357,0
-86.58204681486768,-28.78570777154059,115.3677545864082,226.13187527354512,4.526295354427875,2.0943725819332802e-14,84.92111359151735,109.94770505565224,0.05136657234414599,226.13187527354512,0
-88.83716583714116,-25.56986544628042,114.40703128342147,227.7070227778155,4.526299775021983,2.0148686463000228e-14,84.92119652949312,109.98437617706436,0.05131256760981523,227.7070227778155,0
-91.02586955499801,-22.333611495620207,113.3594810506181,229.28269528108112,4.5263041909684585,1.844218392112564e-14,84.92127938027126,110.02100874394425,0.051258619653875764,229.28269528108112,0
-93.1464339447176,-19.079376313138876,112.22581025785638,230.8588922313793,4.526308602272186,1.8272530039344857e-14,84.92136214394345,110.05760279682657,0.05120472841663262,230.8588922313793,0
-95.19718388885477,-15.809608001252565,111.00679189010724,232.43561307732762,4.526313008938048,2.147595870188474e-14,84.92144482060127,110.0941583762034,0.05115089383845428,232.43561307732762,0
-97.17649456906354,-12.526770542580936,109.70326511164437,234.01285726812344,4.526317410970918,2.054786112491418e-14,84.92152741033618,110.13067552252419,0.051097115859770836,234.01285726812344,0
-99.08279282437222,-9.233341953684594,108.31613477805683,235.59062425354318,4.526321808375671,2.5402903065312043e-14,84.9216099132396,110.16715427619592,0.051043394421077554,235.59062425354318,0
-100.91455847373335,-5.931812422542299,106.84637089627554,237.16891348394174,4.526326201157169,3.348507661911107e-14,84.9216923294028,110.20359467758306,0.050989729462929234,237.16891348394174,0
-102.67032560169449,-2.6246824311522796,105.29500803284678,238.7477244102519,4.526330589320276,2.955469956283393e-14,84.92177465891699,110.23999676700765,0.05093612092594571,238.7477244102519,0
-104.34868380605886,0.6855391353331262,103.66314467072563,240.32705648398368,4.5263349728698445,3.770914701687764e-14,84.92185690187326,110.27636058474936,0.050882568750806406,240.32705648398368,0
-105.94827940643314,3.9963368915278816,101.95194251490527,241.90690915722382,4.526339351810727,3.272275236115886e-14,84.92193905836261,110.31268617104544,0.05082907287825636,241.90690915722382,0
-107.46781661258055,7.30519086534046,100.16262574723999,243.48728188263505,4.526343726147769,3.786474056637102e-14,84.92202112847598,110.34897356609093,0.05077563324910095,243.48728188263505,0
-108.90605865152992,10.609578420671102,98.2964802308587,245.06817411345557,4.52634809588581,3.061900147402858e-14,84.92210311230413,110.38522281003854,0.0507222498042075,245.06817411345557,0
-110.261828852416,13.906976187806329,96.35485266460958,246.64958530349844,4.526352461029685,2.7405143204022058e-14,84.9221850099378,110.4214339429988,0.050668922484506246,246.64958530349844,0
-111.53401168805553,17.194862000039382,94.33914968801618,248.23151490715094,4.5263568215842245,2.2774303452266858e-14,84.92226682146763,110.45760700504005,0.0506156512309901,248.23151490715094,0
-112.72155377229485,20.47071683502855,92.25083693726621,249.81396237937398,4.526361177554254,3.484429598320265e-14,84.92234854698413,110.49374203618851,0.050562435984712883,249.81396237937398,0
-113.82346481219487,23.732026759399307,90.09143805279557,251.39692717570153,4.526365528944593,2.8353668036652298e-14,84.92243018657773,110.52983907642833,0.05050927668679192,251.39692717570153,0
-114.8388185141494,26.97628487507897,87.86253363907034,252.98040875223998,4.526369875760056,3.014703522449048e-14,84.92251174033876,110.56589816570161,0.05045617327840349,252.98040875223998,0
-115.76675344306916,30.200993265860482,85.56576017720856,254.56440656566753,4.526374218005454,2.2610276418367855e-14,84.92259320835748,110.60191934390846,0.05040312570078906,254.56440656566753,0
-116.60647383379234,33.40366494266661,83.2028088911256,256.14892007323357,4.52637855568559,2.1398599412276517e-14,84.92267459072401,110.63790265090705,0.050350133895248894,256.14892007323357,0
-117.35725035392072,36.581825785996536,80.77542456792409,257.7339487327582,4.526382888805265,2.0489841657708015e-14,84.92275588752842,110.67384812651362,0.050297197803147314,257.7339487327582,0
-118.01842081731353,39.7330164840237,78.28540433328985,259.3194920026316,4.526387217369273,1.9808273341781637e-14,84.92283709886067,110.70975581050257,0.050244317365910146,259.3194920026316,0
-118.5893908475067,42.85479446481268,75.73459638269394,260.9055493418131,4.526391541382406,2.5958435252587792e-14,84.92291822481062,110.74562574260648,0.050191492525024334,260.9055493418131,0
-119.06963449036341,45.94473582112592,73.1248986692375,262.4921202098312,4.526395860849445,2.1689272488691157e-14,84.92299926546801,110.78145796251614,0.05013872322203644,262.4921202098312,0
-119.45869477529695,49.00043722628072,70.45825754901615,264.07920406678244,4.526400175775172,2.736918461276993e-14,84.92308022092254,110.81725250988065,0.05008600939855759,264.07920406678244,0
-119.75618422444647,52.01951783952998,67.73666638491649,265.666800373331,4.52640448616436,2.052688845957745e-14,84.92316109126378,110.85300942430736,0.050033350996257414,265.666800373331,0
-119.9617853092241,54.9996211994312,64.9621641097929,267.2549085907081,4.52640879202178,1.9836058443183713e-14,84.92324187658123,110.88872874536204,0.0499807479568701,267.2549085907081,0
-120.07525085369112,57.938417103679264,62.13683375001177,268.8435281807115,4.526413093352194,1.931793593088841e-14,84.92332257696424,110.92441051256885,0.04992820022218722,268.8435281807115,0
-120.09640438426153,60.83360347387908,59.26280091038236,270.43265860570466,4.526417390160365,1.670889799741662e-14,84.92340319250215,110.96005476541038,0.04987570773406563,270.43265860570466,0
-120.02514042527048,63.682908203739146,56.34223222153123,272.0222993286164,4.526421682451045,1.6972565596563092e-14,84.92348372328415,110.9956615433277,0.04982327043442042,272.0222993286164,0
-119.86142473998737,66.48409098917881,53.37733375080855,273.6124498129401,4.526425970228985,1.2729424197422319e-14,84.92356416939934,111.03123088572043,0.049770888265229046,273.6124498129401,0
-119.6052945166945,69.23494513884457,50.37034937784993,275.20310952273326,4.526430253498929,1.509818327119252e-14,84.92364453093676,111.06676283194678,0.049718561168529796,275.20310952273326,0
-119.25685849949376,71.93329936354407,47.323559135949594,276.79427792261686,4.5264345322656165,1.3544083502644703e-14,84.9237248079853,111.10225742132354,0.049666289086421456,276.79427792261686,0
-118.816297063547,74.5770195431153,44.239277520431585,278.38595447777476,4.526438806533781,9.04783960235837e-15,84.92380500063379,111.13771469312621,0.049614071961062434,278.38595447777476,0
-118.28386223449857,77.16401046926018,41.119851765238394,279.978138653953,4.526443076308153,5.675656677143621e-15,84.92388510897098,111.17313468658898,0.04956190973467525,279.978138653953,0
-117.65987765187162,79.6922175628869,37.96766008898464,281.5708299174595,4.5264473415934585,6.477188557108029e-15,84.92396513308553,111.20851744090477,0.04950980234954183,281.5708299174595,0
-116.94473847627303,82.15962856451881,34.78510991175421,283.1640277351631,4.526451602394415,5.968114442456178e-15,84.92404507306594,111.24386299522533,0.04945774974800268,283.1640277351631,0
-116.13891124028801,84.56427519633966,31.574636043948342,284.7577315744932,4.526455858715738,7.806754905717603e-15,84.92412492900071,111.27917138866121,0.04940575187246124,284.7577315744932,0
-115.24293364298612,86.90423479446974,28.338698848516273,286.35194090343924,4.526460110562137,4.744843154663045e-15,84.92420470097818,111.31444266028187,0.04935380866538111,286.35194090343924,0
-114.25741428800892,89.1776319100776,25.079782377931313,287.94665519054985,4.526464357938317,2.4484093413721273e-15,84.92428438908662,111.34967684911568,0.049301920069285105,287.94665519054985,0
-113.18303236525173,91.38263987795432,21.800392487297348,289.5418739049325,4.526468600848978,1.2811954937165172e-15,84.92436399341422,111.38487399414998,0.04925008602675879,289.5418739049325,0
-112.0205372761978,93.51748235120134,18.50305492499638,291.13759651625276,4.526472839298814,-2.9248839659006594e-15,84.92444351404903,111.42003413433113,0.04919830648044504,291.13759651625276,0
-110.77074820300886,95.58043480069658,15.190313402312187,292.7338224947338,4.526477073292515,-4.969220535988386e-15,84.92452295107908,111.45515730856452,0.04914658137305011,292.7338224947338,0
-109.43455362152054,97.5698259780344,11.864727643486125,294.3305513111557,4.5264813028347675,-4.837138426616446e-15,84.92460230459226,111.49024355571466,0.04909491064733931,294.3305513111557,0
-108.01291075833731,99.4840393406529,8.528871417684343,295.9277824368551,4.52648552793025,-1.0289191967713274e-14,84.92468157467636,111.52529291460519,0.04904329424613682,295.9277824368551,0
-106.50684499226637,101.3215144378924,5.185330554373948,297.52551534372435,4.526489748583638,-8.827117000410112e-15,84.92476076141911,111.56030542401892,0.04899173211232907,297.52551534372435,0
-104.91744920037556,103.08074825674845,1.8367009436270336,299.123749504211,4.526493964799603,-1.4253121044605536e-14,84.92483986490812,111.59528112269791,0.0489402241888614,299.123749504211,0
-103.24588304900702,104.7602965261184,-1.5144134771114237,300.7224843913173,4.526498176582808,-9.16328412459456e-15,84.92491888523092,111.63022004934348,0.04888877041873774,300.7224843913173,0
-101.49337223012121,106.3587749783609,-4.865402748239739,302.3217194785996,4.526502383937916,-8.156158465668758e-15,84.92499782247496,111.66512224261625,0.04883737074502592,302.3217194785996,0
-99.66120764339371,107.8748605670232,-8.213652923629507,303.9214542401677,4.52650658686958,-9.17023216697075e-15,84.92507667672757,111.6999877411362,0.04878602511084887,303.9214542401677,0
-97.75074452453092,109.30729263961842,-11.556548115087582,305.5216881506842,4.526510785382452,-1.770234861532334e-14,84.92515544807603,111.73481658348271,0.04873473345939322,305.5216881506842,0
-95.76340152031626,110.65487406436837,-14.891472544052128,307.12242068536415,4.526514979481178,-1.6329874779211684e-14,84.92523413660746,111.7696088081946,0.048683495733902266,307.12242068536415,0
-93.70065971094317,111.91647230985777,-18.215812598914646,308.7236513199743,4.526519169170398,-2.1129190281410014e-14,84.92531274240896,111.80436445377018,0.04863231187768208,308.7236513199743,0
-91.56406158023597,113.09102047658307,-21.526958896347132,310.32537953083255,4.526523354454748,-1.7512227247995246e-14,84.92539126556751,111.83908355866724,0.048581181834095266,310.32537953083255,0
-89.35520993440261,114.17751827940997,-24.822308345007396,311.9276047948074,4.52652753533886,-2.368128916993542e-14,84.92546970616998,111.8737661613032,0.048530105546566144,311.9276047948074,0
-87.07576677001006,115.1750329799918,-28.099266209981742,313.53032658931727,4.526531711827359,-1.8316078389764142e-14,84.92554806430317,111.90841230005503,0.04847908295857714,313.53032658931727,0
-84.72745209191329,116.08270026823583,-31.355248176322572,315.1335443923301,4.5265358839248675,-2.4839289038574673e-14,84.9256263400538,111.94302201325941,0.048428114013671475,315.1335443923301,0
-82.31204268191425,116.89972509194367,-34.58768241002949,316.73725768236267,4.526540051636001,-2.307035887743163e-14,84.92570453350847,111.97759533921267,0.048377198655450315,316.73725768236267,0
-79.83137081896892,117.62538243378852,-37.79401161481963,318.3414659384799,4.526544214965372,-1.6192546133448568e-14,84.9257826447537,112.01213231617089,0.04832633682757545,318.3414659384799,0
-77.28732295180357,118.25901803483202,-40.9716950830285,319.9461686402946,4.526548373917588,-1.3254632624711582e-14,84.92586067387595,112.04663298234995,0.048275528473767454,319.9461686402946,0
-74.68183832484227,118.80004906382372,-44.11821073898146,321.5513652679665,4.526552528497249,-1.549208959165947e-14,84.92593862096153,112.08109737592551,0.048224773537805465,321.5513652679665,0
-72.01690755838884,119.24796473156613,-47.23105717317732,323.15705530220197,4.526556678708954,-2.7162189538496792e-14,84.9260164860967,112.11552553503313,0.0481740719635283,323.15705530220197,0
-69.2945711840482,119.60232684967072,-50.307755665622544,324.76323822425337,4.526560824557295,-2.7032980301623532e-14,84.92609426936764,112.14991749776826,0.04812342369483405,324.76323822425337,0
-66.51691813641105,119.86277033307111,-53.345852196660076,326.36991351591837,4.526564966046858,-3.026674244784406e-14,84.92617197086038,112.1842733021863,0.04807282867567761,326.36991351591837,0
-63.686084202064734,120.02900364570506,-56.342919443640355,327.97708065953947,4.526569103182227,-1.9369387762007575e-14,84.92624959066092,112.21859298630264,0.04802228685007581,327.97708065953947,0
-60.80425042703282,120.10080918881778,-59.29655876178497,329.5847391380035,4.5265732359679784,-1.5637263846130838e-14,84.92632712885514,112.2528765880927,0.04797179816210298,329.5847391380035,0
-57.87364148378388,120.07804363138493,-62.20440214760107,331.19288843474084,4.526577364408688,-1.6168839983098756e-14,84.92640458552884,112.28712414549199,0.047921362555893465,331.19288843474084,0
-54.89652399898562,119.96063818219884,-65.06411418321325,332.80152803372505,4.526581488508921,-1.6567522085824694e-14,84.92648196076775,112.3213356963961,0.047870979975637135,332.80152803372505,0
-51.87520484321892,119.74859880320551,-67.8733939599866,334.4106574194722,4.526585608273243,-1.9086979712119458e-14,84.92655925465746,112.35551127866083,0.047820650365587414,334.4106574194722,0
-48.81202938389941,119.44200636372739,-70.62997697982802,336.02027607704036,4.526589723706211,-2.9858357128841784e-14,84.9266364672835,112.38965093010212,0.04777037367005041,336.02027607704036,0
-45.70937970269194,119.04101673525267,-73.33163703256076,337.6303834920289,4.526593834812379,-3.127555204363259e-14,84.92671359873131,112.4237546884962,0.04772014983339562,337.6303834920289,0
-42.56967277873437,118.5458608265188,-75.97618804778443,339.2409791505781,4.526597941596298,-3.233844822972569e-14,84.92679064908626,112.45782259157957,0.047669978800049584,339.2409791505781,0
-39.39535863901938,117.95684455866532,-78.56148591964597,340.8520625393684,4.526602044062509,-2.4253836172294266e-14,84.92686761843356,112.49185467704905,0.04761986051449585,340.8520625393684,0
-36.188918477321266,117.27434878028018,-81.08543030295897,342.46363314561995,4.526606142215553,-2.0410823178471012e-14,84.9269445068584,112.52585098256182,0.047569794921278385,342.46363314561995,0
-32.95286274307328,116.49882912220869,-83.54596637913544,344.07569045709215,4.526610236059964,-2.418990158085451e-14,84.92702131444587,112.55981154573549,0.047519781964997204,344.07569045709215,0
-29.689729201646106,115.63081579204669,-85.94108659040062,345.68823396208273,4.526614325600275,-2.4803764333391822e-14,84.92709804128096,112.5937364041481,0.04746982159031532,345.68823396208273,0
-26.402080967493138,114.6709133082853,-88.26883234079214,347.30126314942754,4.526618410841008,-2.3043715348544492e-14,84.92717468744856,112.6276255953382,0.047419913741947955,347.30126314942754,0
-23.092504511664398,113.61980017412435,-90.52729566245998,348.91477750849987,4.526622491786684,-1.2841894412907743e-14,84.92725125303348,112.66147915680484,0.04737005836467065,348.91477750849987,0
-19.763607645215735,112.4782284910224,-92.71462084580666,350.5287765292097,4.526626568441819,-1.6292758957431748e-14,84.92732773812044,112.6952971260077,0.04732025540331908,350.5287765292097,0
-16.418017480062126,111.24702351209714,-94.82900603203502,352.14325970200355,4.526630640810925,-1.4440015267324122e-14,84.92740414279409,112.72907954036702,0.047270504802785385,352.14325970200355,0
-13.058378368853477,109.92708313554303,-96.86870476668958,353.7582265178634,4.526634708898506,-8.60956540124278e-15,84.92748046713895,112.76282643726374,0.0472208065080173,353.7582265178634,0
-9.68734982546949,108.51937733828105,-98.83202751281156,355.3736764683066,4.526638772709064,-8.677620100182397e-15,84.92755671123948,112.79653785403947,0.047171160464024336,355.3736764683066,0
-6.307604427755607,107.02494755010322,-100.7173431223476,356.98960904538495,4.526642832247097,-1.0949107173637423e-14,84.92763287518005,112.83021382799657,0.0471215666158723,356.98960904538495,0
-2.921825704141464,105.4449059686285,-102.52308026448704,358.6060237416844,4.526646887517095,-1.043227642947838e-14,84.92770895904493,112.8638543963982,0.04707202490868326,358.6060237416844,0
0.4672939941994342,103.7804348154308,-104.24772880963026,0.22292005032426232,4.526650938523548,-5.603761272858471e-15,84.92778496291835,112.89745959646831,0.04702253528764083,0.22292005032426232,0
3.8570556339668727,102.03278553375458,-105.88984116772144,1.8402974649568695,4.526654985270936,-1.9823749053935404e-15,84.92786088688435,112.93102946539175,0.046973097697981164,1.8402974649568695,0
7.2447556514349705,100.20327792827827,-107.44803357971325,3.4581554797668446,4.526659027763737,-1.4867811790451553e-15,84.92793673102696,112.96456404031424,0.04692371208500101,3.4581554797668446,0
10.627688113524618,98.29329924743821,-108.92098736096281,5.076493589470621,4.526663066006425,-2.2253089089090228e-15,84.92801249543011,112.99806335834248,0.04687437839405567,5.076493589470621,0
14.00314688652247,96.30430320887267,-110.30745009539513,6.695311289315866,4.526667100003468,-5.587586570566104e-16,84.92808818017764,113.03152745654413,0.04682509657055475,6.695311289315866,0
17.368427810708447,94.23780896859557,-111.60623677930404,8.314608075080923,4.52667112975933,-4.8599610912930834e-15,84.92816378535328,113.06495637194789,0.04677586655996713,8.314608075080923,0
20.720830879142415,92.09540003455689,-112.81623091369933,9.934383443074255,4.52667515527847,-5.865416867720125e-15,84.92823931104071,113.09835014154352,0.046726688307820285,9.934383443074255,0
24.05766241885048,89.87872312529518,-113.93638554414568,11.554636890133885,4.5266791765653425,-4.3990626507900936e-15,84.9283147573235,113.13170880228192,0.046677561759696506,11.554636890133885,0
27.376237272643156,87.5894869744358,-114.96572424707895,13.17536791362684,4.526683193624397,-5.519743037342883e-15,84.92839012428512,113.16503239107512,0.04662848686123636,13.17536791362684,0
30.673880979790145,85.22946108183491,-115.90334206162507,14.796576011448595,4.5266872064600765,-4.1398072780071624e-15,84.92846541200895,113.19832094479632,0.046579463558136136,14.796576011448595,0
33.947931953770954,82.80047441221637,-116.74840636598732,16.418260682022517,4.526691215076824,-4.215078483130528e-15,84.92854062057832,113.23157450027999,0.0465304917961529,16.418260682022517,0
37.19574365531623,80.30441404219532,-117.50015769751154,18.04042142429931,4.526695219479075,1.6936021152757394e-16,84.92861575007646,113.26479309432186,0.046481571521097526,18.04042142429931,0
40.41468675895188,77.74322375662744,-118.15791051557929,19.663057737756464,4.5266992196712605,6.821316709582586e-16,84.9286908005865,113.29797676367897,0.046432702678839755,19.663057737756464,0
43.60215131125694,75.11890259526848,-118.72105390652538,21.286169122397695,4.526703215657805,1.0667102655312723e-15,84.92876577219145,113.33112554506974,0.046383885215302956,21.286169122397695,0
46.755548879045776,72.43350335077311,-119.18905222981886,22.909755078752394,4.52670720744313,1.9102557237736108e-15,84.9288406649743,113.36423947517395,0.04633511907647023,22.909755078752394,0
49.87231468568757,69.68913101910559,-119.56144570479314,24.53381510787508,4.5267111950316545,4.208249354393099e-15,84.9289154790179,113.39731859063282,0.04628640420838165,24.53381510787508,0
52.94990973377827,66.88794120347877,-119.837850937257,26.158348711344836,4.526715178427789,7.041967601982872e-15,84.92899021440505,113.43036292804908,0.046237740557132506,26.158348711344836,0
55.98582291238587,64.03213847297948,-120.01796138536533,27.78335539126477,4.5267191576359425,3.8936969207057086e-15,84.92906487121843,113.46337252398693,0.04618912806887576,27.78335539126477,0
58.97757308709489,61.12397467708076,-120.10154776417559,29.40883465026146,4.526723132660518,8.471387813655063e-15,84.92913944954067,113.49634741497218,0.04614056668982128,29.40883465026146,0
61.92271117108443,58.165747217281556,-120.08845838836598,31.034785991484398,4.526727103505914,7.533152823905525e-15,84.9292139494543,113.5292876374922,0.04609205636623559,31.034785991484398,0
64.81882217548281,55.15979727715537,-119.97861945263811,32.661208918605446,4.526731070176523,8.009088545257602e-15,84.92928837104171,113.56219322799602,0.04604359704443836,32.661208918605446,0
67.66352723725242,52.10850801212692,-119.77203524937931,34.28810293581828,4.5267350326767355,9.198707604740526e-15,84.92936271438528,113.59506422289432,0.04599518867081037,34.28810293581828,0
70.45448562287122,49.01430270033614,-119.46878832320736,35.915467547837856,4.5267389910109355,1.0229699777430864e-14,84.92943697956727,113.62790065855954,0.04594683119178619,35.915467547837856,0
73.18939670608937,45.879642855983846,-119.06903956207319,37.54330225989985,4.5267429451835035,1.1280499663104908e-14,84.92951116666985,113.66070257132584,0.04589852455385787,37.54330225989985,0
75.86600191805675,42.70702630659078,-118.57302822464753,39.171606577760116,4.526746895198815,1.512171289507962e-14,84.92958527577514,113.69346999748922,0.045850268703572894,39.171606577760116,0
78.48208666813164,39.49898523563723,-117.98107190376886,40.80038000769412,4.526750841061239,1.5227065257497762e-14,84.92965930696509,113.72620297330747,0.04580206358753425,40.80038000769412,0
81.03548223370039,36.258084192082855,-117.29356642578323,42.429622056496434,4.526754782775144,1.6416302553936526e-14,84.92973326032165,113.7589015350003,0.045753909152403044,42.429622056496434,0
83.52406761735664,32.98691806830109,-116.51098568565769,44.05933223148015,4.526758720344891,1.7863342038578176e-14,84.92980713592667,113.79156571874934,0.045705805344896516,44.05933223148015,0
85.94577136980982,29.688110047992993,-115.63388141780281,45.68951004047635,4.526762653774836,2.005884467668457e-14,84.92988093386184,113.82419556069816,0.045657752111783745,45.68951004047635,0
88.29857337691567,26.364309525676955,-114.66288290259259,47.320154991833576,4.526766583069332,2.1705471655264368e-14,84.92995465420886,113.85679109695234,0.04560974939989512,47.320154991833576,0
90.58050660924408,23.018189999378908,-113.59869660862294,48.951266594417255,4.526770508232727,2.07199958399489e-14,84.93002829704929,113.88935236357948,0.0455617971561145,48.951266594417255,0
92.7896588326267,19.65244693817751,-112.44210577080416,50.58284435760919,4.526774429269365,2.1091112003087457e-14,84.93010186246462,113.9218793966093,0.04551389532738165,50.58284435760919,0
94.92417427815171,16.269795626283965,-111.19396990443563,52.21488779130699,4.5267783461835815,1.8038780051565906e-14,84.93017535053625,113.9543722320336,0.04546604386069053,52.21488779130699,0
96.9822552701026,12.87296898536298,-109.85522425546553,53.84739640592354,4.526782258979715,2.1300646211050526e-14,84.9302487613455,113.98683090580639,0.04541824270309536,53.84739640592354,0
98.96216381036646,9.464715376824845,-108.42687918719125,55.480369712386455,4.526786167662093,2.041637675678852e-14,84.93032209497359,114.01925545384381,0.04537049180170166,55.480369712386455,0
100.86222311786844,6.047796385842503,-106.91001950371091,57.113807222137545,4.526790072235039,2.6414512813842956e-14,84.93039535150167,114.0516459120243,0.045322791103671656,57.113807222137545,0
102.68081912162165,2.6249845888675263,-105.30580371048917,58.74770844713227,4.526793972702876,2.4251776708882842e-14,84.9304685310108,114.08400231618855,0.045275140556224,58.74770844713227,0
104.41640190601429,-0.8009386935590663,-103.61546321245523,60.382072899839194,4.526797869069919,2.92910627779137e-14,84.93054163358198,114.11632470213956,0.045227540106633046,60.382072899839194,0
106.06748710699146,-4.227185656888074,-101.8403014501033,62.016900093239464,4.52680176134048,3.307052732968684e-14,84.93061465929607,114.14861310564272,0.045179989702227724,62.016900093239464,0
107.63265725782493,-7.650964283704378,-99.98169297412053,63.65218954082624,4.526805649518866,2.4802895497265128e-14,84.93068760823388,114.1808675624258,0.04513248929039246,63.65218954082624,0
109.11056308320155,-11.06948062408256,-98.04108245911898,65.2879407566042,4.526809533609377,2.970440186920041e-14,84.93076048047612,114.21308810817901,0.04508503881856621,65.2879407566042,0
110.499924740399,-14.479941083296257,-96.01998365710269,66.92415325508895,4.526813413616313,2.8939639549651246e-14,84.93083327610344,114.24527477855501,0.045037638234244975,66.92415325508895,0
111.79953300635799,-17.87955471500592,-93.91997829135202,68.56082655130655,4.526817289543967,2.614562176073906e-14,84.93090599519638,114.27742760916902,0.04499028748497835,68.56082655130655,0
113.00825040950087,-21.26553551803979,-91.74271489146102,70.1979601607929,4.5268211613966285,2.405010841905492e-14,84.93097863783542,114.30954663559879,0.044942986518373806,70.1979601607929,0
114.12501230518795,-24.635104734873956,-89.48990757031393,71.83555359959328,4.526825029178579,2.0258027363541505e-14,84.93105120410092,114.34163189338467,0.04489573528208854,71.83555359959328,0
115.1488278937469,-27.985493149907313,-87.16333474383956,73.47360638426177,4.526828892894101,1.519352052265613e-14,84.9311236940732,114.37368341802964,0.04484853372384029,73.47360638426177,0
116.07878118005421,-31.313943385621656,-84.76483779443254,75.11211803186072,4.52683275254747,1.8056478539743037e-14,84.93119610783246,114.40570124499938,0.04480138179140086,75.11211803186072,0
116.91403187369284,-34.61771219471223,-82.29631967898057,76.75108805996021,4.526836608142955,1.7983251003307903e-14,84.93126844545881,114.43768540972223,0.04475427943259255,76.75108805996021,0
117.6538162287575,-37.89407274627051,-79.75974348248695,78.39051598663757,4.526840459684822,1.7928330350981553e-14,84.9313407070323,114.46963594758934,0.044707226595296246,78.39051598663757,0
118.29744782242462,-41.140316904097936,-77.15713091832664,80.03040133047675,4.526844307177335,1.788713986173679e-14,84.93141289263292,114.50155289395461,0.044660223227449336,80.03040133047675,0
118.8443182714535,-44.3537574952312,-74.49056077622224,81.67074361056788,4.52684815062475,1.5635800945552904e-14,84.93148500234052,114.53343628413478,0.04461326927704046,81.67074361056788,0
119.29389788583403,-47.531730566759485,-71.76216731907449,83.31154234650668,4.52685199003132,1.3947296758414991e-14,84.93155703623489,114.56528615340947,0.044566364692113,83.31154234650668,0
119.64573625884563,-50.67159762901732,-68.97413862982826,84.95279705839395,4.526855825401293,1.2680918618061557e-14,84.93162899439575,114.59710253702121,0.044519509420767656,84.95279705839395,0
119.89946279284364,-53.77074788324212,-66.12871490960148,86.59450726683505,4.526859656738915,1.173113501279648e-14,84.93170087690271,114.62888547017548,0.04447270341115786,86.59450726683505,0
120.05478716014026,-56.82660043179042,-63.22818672834982,88.23667249293935,4.526863484048421,1.3239243358097986e-14,84.9317726838353,114.66063498804071,0.04442594661148991,88.23667249293935,0
120.11149969840042,-59.836606469016566,-60.2748932293838,89.87929225831968,4.526867307334051,1.659077066632443e-14,84.93184441527299,114.6923511257484,0.04437923897002899,89.87929225831968,0
120.06947174002414,-62.79825145092514,-57.271220289098935,91.52236608509187,4.5268711266000325,1.4663524048993633e-14,84.93191607129516,114.72403391839309,0.04433258043509106,91.52236608509187,0
119.92865587504305,-65.7090572417212,-54.21959863332182,93.16589349587416,4.5268749418505925,1.0997643036745225e-14,84.93198765198109,114.75568340103243,0.04428597095504741,93.16589349587416,0
119.68908614711077,-68.56658423539399,-51.12250191171671,94.80987401378667,4.526878753089952,1.1578901351434388e-14,84.93205915740998,114.7872996086872,0.044239410478323554,94.80987401378667,0
119.35087818222297,-71.36843345048625,-47.98244473173666,96.45430716245092,4.526882560322329,5.353506939700321e-15,84.93213058766095,114.8188825763414,0.04419289895339923,96.45430716245092,0
118.9142292498581,-74.11224859621386,-44.80198065364422,98.09919246598926,4.5268863635519345,4.01513020477524e-15,84.93220194281304,114.85043233894218,0.04414643632880841,98.09919246598926,0
118.37941825628532,-76.79571810812239,-41.58370014816288,99.74452944902437,4.526890162782981,7.9090160433111695e-16,84.93227322294523,114.88194893140002,0.04410002255314169,99.74452944902437,0
117.74680566984244,-79.41657715148312,-38.330228518359256,101.39031763667872,4.526893958019668,1.7033992278734943e-15,84.93234442813636,114.91343238858866,0.04405365757503851,101.39031763667872,0
117.01683337804437,-81.97260959065417,-35.04422378739015,103.03655655457402,4.5268977492661975,2.387772445530277e-15,84.93241555846525,114.94488274534517,0.04400734134319573,103.03655655457402,0
116.19002447643781,-84.46164992265305,-31.728374553784747,104.68324572883077,4.526901536526765,2.901052358772864e-15,84.9324866140106,114.97630003647001,0.043961073806365075,104.68324572883077,0
115.26698298917702,-86.88158517321327,-28.38539781596371,106.33038468606765,4.526905319805559,2.175789269079648e-15,84.93255759485102,115.00768429672705,0.04391485491334857,106.33038468606765,0
114.24839352135206,-89.23035675362128,-25.018036767730724,107.97797295340105,4.526909099106766,1.6318419518097362e-15,84.93262850106504,115.0390355608436,0.04386868461300378,107.97797295340105,0
113.13502084315903,-91.50596227665814,-21.629058566500877,109.62601005844452,4.52691287443457,-4.4145307308043275e-16,84.93269933273115,115.07035386351048,0.04382256285424463,109.62601005844452,0
111.92770940605952,-93.70645732999897,-18.22125207606054,111.27449552930827,4.526916645793147,-3.1066473663732157e-15,84.93277008992771,115.10163923938201,0.04377648958603436,111.27449552930827,0
110.62738279113515,-95.82995720545401,-14.797425585681113,112.92342889459863,4.52692041318667,-6.770877623280538e-15,84.93284077273303,115.13289172307609,0.04373046475739331,112.92342889459863,0
109.23504308990032,-97.87463858246575,-11.360404507434527,114.57280968341755,4.526924176619309,-7.853715779023295e-15,84.9329113812253,115.16411134917422,0.043684488317393605,114.57280968341755,0
107.75177021789504,-99.83874116431046,-7.913029053584549,116.22263742536202,4.526927936095226,-1.0608734688924386e-14,84.93298191548266,115.19529815222157,0.04363856021516088,116.22263742536202,0
106.1787211614378,-101.72056926548792,-4.458151895949801,117.87291165052365,4.526931691618582,-1.2674998871350204e-14,84.93305237558316,115.22645216672694,0.04359268039987499,117.87291165052365,0
104.51712915797549,-103.51849334881769,-0.9986358091577712,119.52363188948804,4.526935443193533,-1.2836918227388122e-14,84.93312276160475,115.25757342716288,0.04354684882076926,119.52363188948804,0
102.76830281052675,-105.23095151079879,2.462648700272091,121.17479767333435,4.526939190824231,-1.4346136525198008e-14,84.93319307362535,115.28866196796571,0.04350106542713028,121.17479767333435,0
100.93362513677134,-106.85645091382935,5.922825777058042,122.82640853363473,4.526942934514821,-1.1661658601406446e-14,84.93326331172273,115.3197178235355,0.04345533016829786,122.82640853363473,0
99.01455255339617,-108.39356916392039,9.379016610524273,124.47846400245382,4.526946674269447,-1.3187136049555461e-14,84.93333347597462,115.3507410282362,0.04340964299366504,124.47846400245382,0
97.01261379636577,-109.84095563258327,12.828341836217565,126.13096361234821,4.526950410092246,-1.2665909598729487e-14,84.93340356645865,115.38173161639561,0.043364003852677024,126.13096361234821,0
94.92940877784137,-111.19733272160968,16.267923943768327,127.78390689636596,4.5269541419873525,-1.116476673598485e-14,84.9334735832524,115.41268962230544,0.043318412694834774,127.78390689636596,0
92.76660738052942,-112.46149706950929,19.694889688979902,129.43729338804607,4.5269578699588955,-1.6145136224364734e-14,84.93354352643331,115.44361508022133,0.04327286946968964,129.43729338804607,0
90.52594819029603,-113.63232069841563,23.106372508119634,131.09112262141795,4.5269615940109995,-1.543952124214902e-14,84.9336133960788,115.47450802436296,0.04322737412684671,131.09112262141795,0
88.20923716793932,-114.70875210031575,26.499514932376474,132.74539413100092,4.526965314147786,-8.804083370048874e-15,84.93368319226614,115.50536848891396,0.04318192661596487,132.74539413100092,0
85.81834626106685,-115.68981726150851,29.871471000441716,134.40010745180365,4.526969030373372,-9.933731601412126e-15,84.93375291507263,115.53619650802207,0.04313652688675676,134.40010745180365,0
83.35521195707848,-116.57462062424493,33.21940866716648,136.05526211932374,4.526972742691868,-1.0780967774934563e-14,84.93382256457538,115.56699211579912,0.043091174888985034,136.05526211932374,0
80.82183377831026,-117.36234598455317,36.540512206242944,137.71085766954712,4.526976451107383,-1.0306171880451235e-14,84.93389214085146,115.59775534632107,0.04304587057246778,137.71085766954712,0
78.22027272044588,-118.05225732530315,39.8319846048573,139.36689363894754,4.5269801556240195,-1.2170521008839052e-14,84.93396164397785,115.62848623362804,0.04300061388707391,139.36689363894754,0
75.55264963535653,-118.64369958361594,43.09104994825942,141.02336956448616,4.526983856245878,-1.5789228904380227e-14,84.93403107403148,115.6591848117244,0.04295540478272761,141.02336956448616,0
72.82114355957951,-119.13609935177834,46.31495579219886,142.68028498361087,4.526987552977053,-2.4054374949161894e-14,84.93410043108916,115.68985111457873,0.042910243209402815,142.68028498361087,0
70.02798998969713,-119.5289655108749,49.50097552117777,144.33763943425592,4.526991245821633,-2.2481673310372045e-14,84.93416971522764,115.72048517612392,0.04286512911712698,144.33763943425592,0
67.175479105928,-119.82188979640566,52.64641069047769,145.99543245484134,4.5269949347837075,-2.352259313052997e-14,84.93423892652359,115.75108703025717,0.042820062455982466,145.99543245484134,0
64.26595394528954,-120.01454729521342,55.748593349923915,147.65366358427244,4.5269986198673555,-1.764194484789748e-14,84.93430806505357,115.78165671084005,0.04277504317609965,147.65366358427244,0
61.30180852574026,-120.10669687310045,58.8048883473602,149.31233236193935,4.5270023010766565,-1.989279678367405e-14,84.93437713089412,115.81219425169854,0.042730071227665506,149.31233236193935,0
58.285485922755974,-120.09818153257143,61.812695609815485,150.9714383277164,4.5270059784156835,-1.7140043637005852e-14,84.93444612412164,115.84269968662304,0.0426851465609176,150.9714383277164,0
55.21947629983876,-119.98892870019897,64.76945240036025,152.63098102196176,4.527009651888503,-2.173681692475564e-14,84.93451504481244,115.87317304936842,0.04264026912614283,152.63098102196176,0
52.10631489450552,-119.77895044316435,67.67263554865885,154.29095998551676,4.527013321499183,-2.7404842939818295e-14,84.93458389304283,115.90361437365407,0.04259543887368744,154.29095998551676,0
48.94857996134123,-119.46834361458686,70.51976365324563,155.95137475970554,4.527016987251782,-2.055363220486372e-14,84.93465266888897,115.93402369316394,0.042550655753943456,155.95137475970554,0
45.74889067374861,-119.05728992731444,73.30839925356585,157.61222488633442,4.527020649150359,-2.4297008350649042e-14,84.93472137242699,115.96440104154655,0.04250591971735926,157.61222488633442,0
42.50990498606406,-118.54605595590863,76.0361509698446,159.27350990769148,4.527024307198963,-2.488409441073772e-14,84.93479000373289,115.99474645241504,0.04246123071443256,159.27350990769148,0
39.234317457750834,-117.93499306661717,78.70067560886636,160.93522936654603,4.527027961401643,-2.3103962906553917e-14,84.93485856288261,116.02505995934723,0.0424165886957138,160.93522936654603,0
35.92485704141748,-117.22453727518916,81.29968023377171,162.59738280614806,4.527031611762443,-2.8430202426167e-14,84.93492704995204,116.05534159588564,0.04237199361180702,162.59738280614806,0
32.58428483644779,-116.4152090324492,83.8309241960014,164.2599697702278,4.527035258285402,-2.798398996737619e-14,84.93499546501691,116.08559139553748,0.04232744541336528,164.2599697702278,0
29.21539181006232,-115.50761293760824,86.2922211275459,165.92298980299515,4.527038900974553,-2.3208438524782453e-14,84.93506380815296,116.11580939177479,0.0422829440510952,165.92298980299515,0
25.820996487667642,-114.5024373793514,88.68144089168375,167.5864424491392,4.527042539833929,-1.740632889358684e-14,84.93513207943582,116.14599561803438,0.042238489475756674,167.5864424491392,0
22.403942614380135,-113.40045410480502,90.9965114904249,169.25032725382783,4.527046174867555,-1.5275192719440442e-14,84.93520027894098,116.17615010771792,0.042194081638156855,169.25032725382783,0
18.967096789643666,-112.2025177165478,93.23542092690414,170.914643762707,4.527049806079454,-1.3676840588830644e-14,84.93526840674397,116.20627289419195,0.04214972048916055,170.914643762707,0
15.513346076888766,-110.90956509789268,95.39621902100389,172.5793915219004,4.527053433473643,-1.469852254012361e-14,84.93533646292013,116.23636401078797,0.042105405979679544,172.5793915219004,0
12.045595590210594,-109.52261476673017,97.47701917651958,174.2445700780089,4.5270570570541375,-1.7685230052843645e-14,84.9354044475448,116.26642349080238,0.04206113806067979,174.2445700780089,0
8.566766060066366,-108.04276615828421,99.47600009821787,175.9101789781101,4.527060676824947,-1.5484368588883047e-14,84.93547236069318,116.29645136749662,0.042016916683178446,175.9101789781101,0
5.0797913800218835,-106.4711988371964,101.39140745717448,177.57621776975776,4.527064292790074,-1.8274614589413224e-14,84.93554020244042,116.32644767409712,0.04197274179824134,177.57621776975776,0
1.5876161365953072,-104.80917163941425,103.22155550281894,179.24268600098128,4.527067904953523,-1.3705960942059918e-14,84.9356079728616,116.35641244379542,0.041928613356990885,179.24268600098128,0
-1.906806875728862,-103.05802174442428,104.96482862015314,180.9095832202853,4.52707151331929,-8.059024657294625e-15,84.93567567203169,116.38634570974813,0.04188453131059611,180.9095832202853,0
-5.40051915222523,-101.2191636784292,106.61968283065448,182.5769089766491,4.527075117891366,-8.264714542221282e-15,84.93574330002563,116.41624750507701,0.041840495610279915,182.5769089766491,0
-8.89055898628257,-99.2940882491332,108.1846472354158,184.24466281952618,4.527078718673742,-1.0639428005166587e-14,84.93581085691824,116.446117862869,0.041796506207317036,184.24466281952618,0
-12.373963986263485,-97.28436141285856,109.65832539912202,185.9128442988437,4.527082315670401,-1.131024007775041e-14,84.93587834278426,116.47595681617626,0.0417525630530306,185.9128442988437,0
-15.847773598730093,-95.19162307477838,111.03939667350846,187.58145296500206,4.527085908885323,-8.482680058312809e-15,84.93594575769836,116.5057643980162,0.041708666098797254,187.58145296500206,0
-19.309031635881617,-93.01758582311156,112.32661745899318,189.25048836887427,4.527089498322485,-7.472233068359763e-15,84.93601310173517,116.5355406413715,0.04166481529604457,189.25048836887427,0
-22.754788805043617,-90.76403359818333,113.51882240322698,190.9199500618056,4.527093083985857,-6.7143978258949785e-15,84.93608037496918,116.56528557919017,0.04162101059624998,190.9199500618056,0
-26.18210523803529,-88.43282029731772,114.614925535353,192.58983759561298,4.527096665879409,-6.1460213940463904e-15,84.93614757747483,116.5949992443856,0.04157725195094347,192.58983759561298,0
-29.58805301823763,-86.02586831658357,115.61392133482117,194.26015052258455,4.5271002440071015,-3.4992930209096367e-15,84.93621470932648,116.62468166983655,0.041533539311703976,194.26015052258455,0
-32.969718703177946,-83.54516703047656,116.51488573365452,195.9308883954792,4.527103818372896,-3.734692790307384e-15,84.93628177059843,116.65433288838722,0.04148987263016371,195.9308883954792,0
-36.324205840444485,-80.99277121067499,117.3169770511195,197.60205076752595,4.527107388980747,5.296494811449317e-16,84.93634876136487,116.68395293284728,0.04144625185800449,197.60205076752595,0
-39.648637474742586,-78.37079938506444,118.01943685980706,199.2736371924236,4.5271109558346065,2.617683160109012e-15,84.93641568169993,116.7135418359919,0.04140267694695968,199.2736371924236,0
-42.94015864390536,-75.68143213828226,118.62159078218761,200.94564722434015,4.527114518938419,4.183708419332072e-15,84.93648253167765,116.74309963056183,0.0413591478488112,200.94564722434015,0
-46.19593886167265,-72.9269103550877,119.12284921676032,202.61808041791232,4.527118078296129,5.913338876061946e-15,84.93654931137203,116.77262634926333,0.041315664515394146,202.61808041791232,0
-49.41317458505897,-70.1095334079168,119.5227079929758,204.2909363282451,4.527121633911675,8.320784743234507e-15,84.93661602085695,116.80212202476832,0.04127222689859383,204.2909363282451,0
-52.58909166413547,-67.23165729003449,119.82074895416999,205.96421451091118,4.52712518578899,1.0403924899770216e-14,84.9366826602062,116.83158668971437,0.04122883495034424,205.96421451091118,0
-55.72094777205955,-64.29569269574799,120.0166404678075,207.63791452195053,4.527128733932006,1.2243835773328288e-14,84.93674922949354,116.86102037670472,0.04118548862263299,207.63791452195053,0
-58.8060348131966,-61.30410304919702,120.11013786239353,209.3120359178699,4.527132278344648,1.3346213172340553e-14,84.93681572879264,116.89042311830833,0.04114218786749527,209.3120359178699,0
-61.841681307190456,-58.25940248328465,120.10108379047509,210.98657825564229,4.527135819030838,9.176992610786547e-15,84.93688215817707,116.91979494705994,0.041098932637019026,210.98657825564229,0
-64.82525474685224,-55.164153770362766,119.989408517215,212.66154109270644,4.5271393559944935,1.3335915788723632e-14,84.93694851772032,116.94913589546007,0.04105572288333964,212.66154109270644,0
-67.75416392775435,-52.02096620633095,119.77513013408532,214.33692398696647,4.527142889239529,1.499794045235593e-14,84.93701480749584,116.97844599597506,0.04101255855864602,214.33692398696647,0
-70.62586124743333,-48.83249344985665,119.45835469728992,216.01272649679123,4.527146418769852,1.679957046239273e-14,84.93708102757695,117.00772528103714,0.040969439615174325,216.01272649679123,0
-73.43784497212569,-45.601431318465906,119.03927629059162,217.6889481810139,4.52714994458937,8.713897260606499e-15,84.93714717803697,117.03697378304442,0.04092636600521418,217.6889481810139,0
-76.1876614689827,-42.33051554329976,118.51817701228246,219.36558859893148,4.527153466701985,1.430698411783097e-14,84.93721325894906,117.06619153436095,0.040883337681104165,219.36558859893148,0
-78.87290740173222,-39.02251948437089,117.89542688610314,221.04264731030435,4.527156985111594,1.5171130186873855e-14,84.93727927038637,117.09537856731679,0.04084035459523261,221.04264731030435,0
-81.49123188778354,-35.680251808197404,117.17148369598094,222.72012387535568,4.527160499822089,1.6374351250968596e-14,84.93734521242193,117.12453491420796,0.040797416700036615,222.72012387535568,0
-84.04033861479557,-32.30655412972884,116.34689274452433,224.39801785477104,4.52716401083736,1.2280763438226447e-14,84.93741108512872,117.15366060729654,0.040754523948005716,224.39801785477104,0
-86.51798791476085,-28.904298620515164,115.42228653527599,226.07632880969788,4.527167518161292,5.879903504794366e-15,84.93747688857958,117.18275567881072,0.040711676291677185,226.07632880969788,0
-88.92199879368589,-25.476385585109377,114.3983843787953,227.75505630174501,4.5271710217977645,1.2181488800971869e-14,84.93754262284736,117.21182016094477,0.04066887368363875,227.75505630174501,0
-91.25025091498343,-22.02574100772254,113.27599192270586,229.43419989298218,4.527174521750656,1.8017900797730155e-14,84.9376082880048,117.24085408585911,0.04062611607652941,229.43419989298218,0
-93.50068653472545,-18.5553140711873,112.05600060591264,231.11375914593955,4.527178018023839,1.3513425598297615e-14,84.93767388412455,117.26985748568039,0.040583403423037595,231.11375914593955,0
-95.67131238694199,-15.068074650316593,110.73938703725861,232.7937336236072,4.5271815106211815,1.2355515247973525e-14,84.9377394112792,117.29883039250144,0.04054073567590022,232.7937336236072,0
-97.7602015171905,-11.567010781768035,109.32721229895856,234.4741228894347,4.527184999546548,2.1479089706856864e-14,84.93780486954124,117.32777283838138,0.040498112787903495,234.4741228894347,0
-99.76549506265675,-8.055126112558822,107.82062117521559,236.1549265073306,4.527188484803801,2.7211547526394214e-14,84.93787025898314,117.35668485534559,0.04045553471188734,236.1549265073306,0
-101.68540397709346,-4.535437329396988,106.22084130649036,237.83614404166187,4.527191966396796,2.595977576792144e-14,84.93793557967722,117.38556647538582,0.04041300140073559,237.83614404166187,0
-103.5182106989442,-1.0109715710182328,104.52918226996243,239.51777505725354,4.527195444329383,1.5028939727440456e-14,84.93800083169575,117.41441773046014,0.040370512807383824,239.51777505725354,0
-105.26227076104384,2.515236174256642,102.74703458678722,241.19981911938817,4.527198918605414,2.0153488992581594e-14,84.93806601511096,117.44323865249308,0.04032806888482027,241.19981911938817,0
-106.91601434033404,6.0401456835135345,100.8758686568204,242.88227579380532,4.527202389228732,2.1776454892187135e-14,84.93813112999497,117.47202927337554,0.04028566958607782,242.88227579380532,0
-108.47794774608109,9.56071412453583,98.91723362154515,244.56514464670116,4.527205856203176,1.4111895119890038e-14,84.93819617641982,117.50078962496494,0.04024331486424096,244.56514464670116,0
-109.94665484512996,13.073898689124729,96.87275615600512,246.2484252447279,4.527209319532584,1.2804367389167841e-14,84.93826115445749,117.52951973908519,0.040201004672443974,246.2484252447279,0
-111.32079842278222,16.57665923217298,94.74413919060915,247.93211715499345,4.527212779220788,1.1823721591126194e-14,84.93832606417989,117.55821964752673,0.04015873896386912,247.93211715499345,0
-112.59912147793493,20.065960914195568,92.53316056373927,249.61621994506072,4.5272162352716165,1.3308683291845271e-14,84.93839090565885,117.58688938204659,0.0401165176917502,249.61621994506072,0
-113.78044845117338,23.538776845016567,90.24167160615683,251.30073318294734,4.527219687688893,1.2201958518134267e-14,84.9384556789661,117.61552897436842,0.04007434080936703,251.30073318294734,0
-114.86368638456415,26.992090726299182,87.87159565826485,252.98565643712507,4.527223136476437,2.469459123335289e-14,84.9385203841733,117.64413845618249,0.040032208270049024,252.98565643712507,0
-115.84782601195157,30.422899490604493,85.42492652134705,254.6709892765194,4.5272265816380655,2.2961835523515295e-14,84.93858502135207,117.67271785914578,0.039990120027177806,254.6709892765194,0
-116.73194277861815,33.82821593465247,82.90372684396557,256.35673127050904,4.527230023177591,2.8323606888888036e-14,84.93864959057393,117.70126721488198,0.03994807603418096,256.35673127050904,0
-117.51519778922851,37.20507134446821,80.31012644476031,258.0428819889254,4.52723346109882,2.346315121591634e-14,84.93871409191033,117.72978655498152,0.03990607624453538,258.0428819889254,0
-118.19683868303566,40.550518110082535,77.64632057295303,259.7294410020521,4.527236895405559,2.6479147608938507e-14,84.93877852543262,117.75827591100162,0.03986412061176833,259.7294410020521,0
-118.77620043538974,43.86163232747226,74.91456810791749,261.4164078806247,4.527240326101606,2.2079806755954193e-14,84.93884289121212,117.78673531446634,0.039822209089454524,261.4164078806247,0
-119.25270608465199,47.13551638541639,72.11718969923561,263.10378219583,4.527243753190759,2.5441639263966896e-14,84.93890718932006,117.81516479686658,0.03978034163121885,263.10378219583,0
-119.62586738367811,50.369301534961004,69.25656584871702,264.79156351930556,4.527247176676809,2.574256759572611e-14,84.93897141982757,117.84356438966013,0.03973851819073365,264.79156351930556,0
-119.8952853751017,53.560150439187865,66.33513493591374,266.47975142313936,4.527250596563544,1.708647964754427e-14,84.9390355828057,117.87193412427172,0.03969673872171944,266.47975142313936,0
-120.06065088971086,56.70525970099406,63.35539118871671,268.1683454798693,4.5272540128547485,1.7255751834158827e-14,84.93909967832549,117.90027403209302,0.03965500317794762,268.1683454798693,0
-120.12174496727862,59.80186236660188,60.31988260067673,269.8573452624827,4.527257425554203,1.7382705974119745e-14,84.93916370645785,117.92858414448273,0.03961331151323691,269.8573452624827,0
-120.0784391992736,62.84723040253266,57.23120879674094,271.5467503444157,4.527260834665684,1.9698367628340747e-14,84.93922766727363,117.95686449276654,0.039571663681454955,271.5467503444157,0
-119.93069599294519,65.83867714379711,54.09201884914807,273.23656029955316,4.527264240192962,1.9214667819756185e-14,84.93929156084357,117.98511510823725,0.039530059636515597,273.23656029955316,0
-119.6785687563451,68.77355971106711,50.9050090452779,274.92677470222765,4.527267642139808,1.5521223889442296e-14,84.93935538723842,118.01333602215472,0.0394884993323861,274.92677470222765,0
-119.32220200391585,71.64928139462276,47.67292060929308,276.61739312721943,4.527271040509983,1.1640917917081723e-14,84.93941914652876,118.04152726574596,0.03944698272307534,276.61739312721943,0
-118.86183138234667,74.46329400288342,44.39853737946325,278.30841514975583,4.527274435307251,9.840911462436448e-15,84.9394828387852,118.06968887020514,0.039405509762649005,278.30841514975583,0
-118.29778361646582,77.21310017336222,41.08468344310351,279.99984034551073,4.527277826535365,4.050014522951866e-15,84.93954646407815,118.09782086669367,0.039364080405212526,279.99984034551073,0
-117.63047637500996,79.89625564390755,37.7342207311024,281.6916682906041,4.52728121419808,1.9272878675887427e-15,84.93961002247805,118.12592328634014,0.03932269460492541,281.6916682906041,0
-116.86041805618055,82.51037148212032,34.35004657406015,283.38389856160165,4.527284598299144,2.5556889253167136e-15,84.93967351405524,118.15399616024047,0.03928135231599389,283.38389856160165,0
-115.98820749296861,85.05311627087688,30.935091222091632,285.07653073551415,4.527287978842301,1.9167666939875353e-15,84.93973693887995,118.18203951945785,0.03924005349267007,285.07653073551415,0
-115.01453357830106,87.5222182479062,27.492315330394828,286.76956438979715,4.5272913558312915,1.4375750204906515e-15,84.93980029702236,118.21005339502283,0.039198798089257275,286.76956438979715,0
-113.94017481013174,89.91546739741611,24.02470741271561,288.46299910235047,4.527294729269853,-3.204175925716785e-17,84.93986358855258,118.23803781793332,0.03915758606010536,288.46299910235047,0
-112.76599875667323,92.23071749179458,20.53528126487858,290.1568344515177,4.527298099161717,-1.6893658563806105e-15,84.93992681354067,118.26599281915465,0.0391164173596118,290.1568344515177,0
-111.49296144203613,94.46588808145019,17.02707336058592,291.8510700160857,4.527301465510614,-2.3772474169106146e-15,84.93998997205654,118.2939184296196,0.03907529194222317,291.8510700160857,0
-110.1221066526147,96.61896643089749,13.503140221717215,293.54570537528423,4.527304828320267,-6.778939173496166e-15,84.9400530641701,118.3218146802284,0.0390342097624326,293.54570537528423,0
-108.65456516462862,98.68800939923734,9.966555765391186,295.24074010878536,4.5273081875943975,-9.52509647862275e-15,84.94011608995118,118.34968160184883,0.03899317077478223,295.24074010878536,0
-107.09155389330299,100.67114526322003,6.4204086300828935,296.93617379670314,4.527311543336725,-6.588710846654484e-15,84.9401790494695,118.3775192253162,0.038952174933863354,296.93617379670314,0
-105.43437496423901,102.56657548113057,2.867799483108384,298.63200601959306,4.52731489555096,-8.272202208866333e-15,84.94024194279476,118.40532758143341,0.03891122219431081,298.63200601959306,0
-103.68441470759942,104.37257639578097,-0.6881616881816008,300.3282363584516,4.527318244240814,-9.049098157251713e-15,84.94030476999652,118.43310670097095,0.038870312510811966,300.3282363584516,0
-101.8431425758029,106.08750087494198,-4.244358299139149,302.02486439471573,4.52732158940999,-1.3881842634683924e-14,84.94036753114428,118.460856614667,0.038829445838096,302.02486439471573,0
-99.91210998549256,107.70977988760008,-7.797669902107552,303.7218897102625,4.527324931062191,-1.15216050006381e-14,84.94043022630753,118.48857735322737,0.03878862213094619,303.7218897102625,0
-97.89294908461252,109.2379240144755,-11.344974929863046,305.4193118874085,4.5273282692011145,-1.946587824057385e-14,84.94049285555562,118.51626894732563,0.038747841344189266,305.4193118874085,0
-95.78737144549771,110.67052489129298,-14.883153445795333,307.11713050890967,4.527331603830453,-1.737496624199328e-14,84.94055541895784,118.54393142760308,0.03870710343269984,307.11713050890967,0
-93.59716668494805,112.00625658335154,-18.40908989840354,308.81534515796034,4.527334934953896,-1.8027228292308165e-14,84.94061791658342,118.57156482466884,0.03866640835139931,308.81534515796034,0
-91.32420101232924,113.24387688999634,-21.91967587766713,310.5139554181932,4.527338262575132,-1.6851090293106594e-14,84.94068034850153,118.5991691690998,0.03862575605526039,310.5139554181932,0
-88.97041570680767,114.38222857765487,-25.41181287084724,312.21296087367864,4.527341586697842,-2.318543645376893e-14,84.94074271478128,118.6267444914407,0.03858514649930084,312.21296087367864,0
-86.53782552489429,115.4202405401594,-28.88241501526516,313.9123611089245,4.527344907325704,-2.4050415488077636e-14,84.94080501549163,118.65429082220423,0.03854457963858332,313.9123611089245,0
-84.02851703953895,116.35692888513829,-32.32841184559936,315.61215570887515,4.527348224462393,-2.5809372788434323e-14,84.94086725070154,118.68180819187094,0.038504055428221606,315.61215570887515,0
-81.44464691208054,117.19139794532195,-35.74675103324144,317.31234425891165,4.527351538111577,-1.8246806566700586e-14,84.94092942047986,118.70929663088937,0.038463573823372565,317.31234425891165,0
-78.78844009842133,117.92284121367297,-39.13440111525168,319.01292634485077,4.527354848276925,-2.3677112146651848e-14,84.94099152489541,118.73675616967601,0.03842313477924397,319.01292634485077,0
-76.06218799086095,118.55054220131406,-42.488354210453146,320.7139015529448,4.527358154962099,-1.7757834109988885e-14,84.94105356401687,118.76418683861542,0.03838273825108848,320.7139015529448,0
-73.2682464970812,119.07387521729547,-45.80562872021427,322.415269469881,4.527361458170759,-1.5538821631741977e-14,84.94111553791292,118.79158866806017,0.03834238419420863,322.415269469881,0
-70.40903405784044,119.49230606930773,-49.083272011467315,324.11702968278126,4.527364757906558,-2.3866569494683206e-14,84.94117744665213,118.81896168833094,0.038302072563948936,324.11702968278126,0
-67.48702960498831,119.80539268451777,-52.318363079529504,325.8191817792014,4.5273680541731505,-1.901015014563756e-14,84.941239290303,118.84630592971654,0.03826180331570658,325.8191817792014,0
-64.50477046147844,120.01278564977164,-55.50801518829323,327.52172534713105,4.52737134697418,-2.424961983085458e-14,84.94130106893395,118.8736214224739,0.038221576404919605,327.52172534713105,0
-61.464850185105384,120.1142286704802,-58.64937848537484,329.22465997499285,4.527374636313292,-2.7068999070142188e-14,84.94136278261335,118.90090819682818,0.03818139178707855,329.22465997499285,0
-58.369916357753745,120.10955894757367,-61.73964258981995,330.9279852516422,4.527377922194126,-2.696308745035758e-14,84.94142443140949,118.92816628297275,0.03814124941771749,330.9279852516422,0
-55.22266832199889,119.99870747198315,-64.7760391499843,332.63170076636686,4.527381204620318,-2.2442761637018495e-14,84.94148601539058,118.95539571106923,0.03810114925241834,332.63170076636686,0
-52.025854866951015,119.78169923617959,-67.7558443692286,334.3358061088863,4.5273844835955,-2.1272963326264496e-14,84.94154753462477,118.98259651124752,0.038061091246809176,334.3358061088863,0
-48.78227186528786,119.4586533623739,-70.67638149708604,336.0403008693513,4.5273877591233,-1.1513830396197747e-14,84.94160898918012,119.00976871360587,0.03802107535656499,336.0403008693513,0
-45.494759863468076,119.02978314705591,-73.53502328358786,337.7451846383437,4.527391031207344,-4.194480698647683e-15,84.94167037912464,119.03691234821086,0.03798110153740847,337.7451846383437,0
-42.16620162716809,118.49539602162409,-76.32919439445602,339.4504570068756,4.527394299851251,-7.586752622486389e-15,84.94173170452628,119.06402744509748,0.03794116974510647,339.4504570068756,0
-38.799519644027924,117.85589342893203,-79.05637378490412,341.1561175663892,4.527397565058637,-1.0130956565365417e-14,84.94179296545285,119.09111403426911,0.037901279935473514,341.1561175663892,0
-35.39767358584025,117.11177061565445,-81.71409702981421,342.8621659087562,4.527400826833117,-1.2039109522524689e-14,84.94185416197217,119.11817214569763,0.0378614320643717,342.8621659087562,0
-31.96365773235657,116.26361634044953,-84.29995860809296,344.5686016262774,4.527404085178299,-6.808886092643204e-15,84.94191529415195,119.14520180932337,0.037821626087708005,344.5686016262774,0
-28.500498358925938,115.31211249797073,-86.8116141390448,346.27542431168234,4.527407340097789,-6.65772470981777e-16,84.94197636205983,119.1722030550552,0.03778186196143693,346.27542431168234,0
-25.011251090222803,114.2580336588582,-89.24678256863544,347.9826335581286,4.5274105915951885,-7.160667500987271e-15,84.94203736576338,119.19917591277056,0.03774213964155765,347.9826335581286,0
-21.49899822235334,113.10224652591384,-91.60324830356055,349.69022895920153,4.527413839674095,-7.590946674990767e-15,84.9420983053301,119.22612041231544,0.03770245908411679,349.69022895920153,0
-17.96684601566971,111.84570930674255,-93.87886329107282,351.3982101089138,4.5274170843381025,-3.472763956992762e-15,84.94215918082745,119.25303658350448,0.03766282024520742,351.3982101089138,0
-14.417921960651539,110.48947100321759,-96.07154904256608,353.10657660170494,4.5274203255908025,-7.045465066245198e-15,84.94221999232275,119.27992445612098,0.03762322308096902,353.10657660170494,0
-10.855372019246891,109.03467061820353,-98.17929859895666,354.8153280324408,4.5274235634357805,-8.43206701183272e-16,84.94228073988332,119.3067840599169,0.03758366754758552,354.8153280324408,0
-7.282357844091862,107.48253628004697,-100.20017843595512,356.5244639964132,4.527426797876619,-2.852851075137767e-15,84.94234142357635,119.33361542461292,0.03754415360128813,356.5244639964132,0
-3.7020539780577955,105.83438428542105,-102.13233030736325,358.2339840893395,4.527430028916898,-4.360084355603638e-15,84.942402043469,119.36041857989851,0.03750468119835429,358.2339840893395,0
-0.11764503659799397,104.091618061185,-103.97397302458701,359.9438879073621,4.52743325656019,-5.490509315953042e-15,84.94246259962834,119.38719355543189,0.03746525029510486,359.9438879073621,0
3.4676771246103395,102.25572704599497,-105.72340417060533,1.6541750470479428,4.527436480810071,-1.8974359377144683e-15,84.9425230921214,119.41394038084012,0.037425860847912246,1.6541750470479428,0
7.050716254215173,100.32828549247785,-107.37900174669299,3.364845105388139,4.527439701670105,-8.08441510103679e-15,84.94258352101511,119.44065908571908,0.03738651281318958,3.364845105388139,0
10.628274559394011,98.31095119085253,-108.93922575024658,5.075897679797526,4.527442919143858,-3.842865276527279e-15,84.94264388637632,119.46734969963357,0.037347206147396894,5.075897679797526,0
14.197155567164348,96.20546411495964,-110.40261968212398,6.787332368114198,4.527446133234888,-7.323041055896086e-15,84.94270418827182,119.4940122521173,0.03730794080704106,6.787332368114198,0
17.75416699023698,94.01364499172954,-111.76781198196653,8.499148768599065,4.527449343946754,-7.712726841172377e-15,84.94276442676836,119.52064677267292,0.03726871674867399,8.499148768599065,0
21.2961235948367,91.73739379519553,-113.03351739003223,10.211346479935408,4.527452551283007,-4.6743221062541265e-15,84.94282460193259,119.54725329077205,0.03722953392889439,10.211346479935408,0
24.819850067906536,89.37868816622635,-114.1985382341329,11.923925101228438,4.527455755247197,-3.505741579690595e-15,84.94288471383109,119.57383183585534,0.03719039230434493,11.923925101228438,0
28.322183881104227,86.93958175922656,-115.26176564033081,13.636884232004848,4.527458955842869,-4.8497522340182594e-15,84.94294476253037,119.60038243733251,0.037151291831715005,13.636884232004848,0
31.799978148995926,84.42220251712025,-116.2221806661162,15.350223472212374,4.5274621530735635,-4.747537200138851e-15,84.94300474809688,119.62690512458232,0.0371122324677379,15.350223472212374,0
35.25010447884905,81.82875087600448,-117.07885535485349,17.063942422219352,4.52746534694282,-2.4504298754789816e-15,84.943064670597,119.65339992695266,0.03707321416919518,17.063942422219352,0
38.66945580942732,79.16149790092533,-117.83095371035262,18.77804068281427,4.527468537454172,-2.9480454312343925e-15,84.94312453009702,119.67986687376056,0.03703423689291238,18.77804068281427,0
42.05494923619331,76.42278335429728,-118.47773259049056,20.492517855205342,4.527471724611148,-5.456995364880593e-16,84.94318432666319,119.70630599429222,0.036995300595758646,20.492517855205342,0
45.40352882032847,73.61501369855087,-119.01854251887933,22.20737354102004,4.527474908417277,1.8111713968842688e-15,84.94324406036168,119.73271731780308,0.03695640523465146,22.20737354102004,0
48.712168378988636,70.74066003465919,-119.45282841364778,23.92260734230468,4.527478088876082,4.689047621538671e-15,84.94330373125857,119.7591008735178,0.036917550766552704,23.92260734230468,0
51.97787425422245,67.80225597825579,-119.78013023247819,25.638218861523967,4.52748126599108,5.7372317654043165e-15,84.94336333941989,119.7854566906303,0.03687873714846707,25.638218861523967,0
55.19768805799205,64.80239547511907,-120.00008353311111,27.354207701560554,4.5274844397657885,9.021371678710154e-15,84.9434228849116,119.81178479830383,0.03683996433744907,27.354207701560554,0
58.368689390750475,61.743730557857724,-120.11241994860818,29.070573465714617,4.5274876102037185,1.120692085753324e-14,84.9434823677996,119.838085225671,0.036801232290594066,29.070573465714617,0
61.487998531046685,58.62896904569035,-120.11696757673701,30.787315757703396,4.527490777308379,1.2637915924533339e-14,84.9435417881497,119.86435800183372,0.03676254096504525,30.787315757703396,0
64.55277909364857,55.46087218927109,-120.01365128291962,32.50443418166078,4.527493941083273,9.270270126282788e-15,84.94360114602765,119.89060315586337,0.03672389031798931,32.50443418166078,0
67.56024065369593,52.2422522625667,-119.8024929162626,34.221928342136835,4.527497101531903,1.028337166858756e-14,84.94366044149912,119.91682071680074,0.036685280306658935,34.221928342136835,0
70.50764133441959,48.975970103845576,-119.48361143826513,35.939797844097406,4.527500258657765,9.655419044534694e-15,84.94371967462975,119.9430107136561,0.036646710888331074,35.939797844097406,0
73.39229035598855,45.66493260789144,-119.05722296387997,37.658042292923646,4.527503412464354,1.057223335727649e-14,84.94377884548506,119.96917317540918,0.03660818202032848,37.658042292923646,0
76.21155054307671,42.3120901716045,-118.52364071468118,39.37666129441161,4.527506562955156,1.681095921495862e-14,84.94383795413052,119.99530813100931,0.03656969366001639,39.37666129441161,0
78.96284078877082,38.92043409520103,-117.88327488397181,41.0956544547718,4.527509710133661,1.760422302203217e-14,84.94389700063155,120.02141560937532,0.03653124576480926,41.0956544547718,0
81.64363847247455,35.492993941270804,-117.13663241374536,42.815021380628714,4.5275128540033505,1.7644059365024753e-14,84.94395598505348,120.04749563939568,0.03649283829216213,42.815021380628714,0
84.25148182950018,32.03283485399452,-116.28431668349467,44.53476167902045,4.527515994567701,1.8784159646894347e-14,84.94401490746156,120.07354824992844,0.03645447119957568,44.53476167902045,0
86.78397227007542,28.543054840867043,-115.32702711094245,46.254874957398236,4.52751913183019,1.8529011833671384e-14,84.94407376792101,120.09957346980136,0.03641614444459723,46.254874957398236,0
89.23877664553439,25.026782019314343,-114.26555866484868,47.975360823626026,4.527522265794288,1.9447873998379323e-14,84.94413256649696,120.12557132781185,0.036377857984816964,47.975360823626026,0
91.61362945950277,21.487171830628117,-113.10080129013085,49.69621888598004,4.527525396463464,2.0137020621910274e-14,84.94419130325447,120.1515418527271,0.03633961177787068,49.69621888598004,0
93.90633502193239,17.927404223681478,-111.83373924561386,51.417448753148335,4.527528523841181,1.8433434540308173e-14,84.94424997825855,120.177485073284,0.03630140578143884,51.417448753148335,0
96.11476954388597,14.350680810921585,-110.46545035480753,53.13905003423039,4.5275316479309,2.270686010223238e-14,84.9443085915741,120.20340101818925,0.03626323995324379,53.13905003423039,0
98.23688317102182,10.760221999168486,-108.99710517019025,54.861022338736646,4.527534768736077,2.1471037175174912e-14,84.94436714326598,120.22928971611935,0.03622511425105504,54.861022338736646,0
100.27070195377864,7.159264097779316,-107.4299660515579,56.583365276588104,4.5275378862601645,1.9433946955256653e-14,84.94442563339896,120.25515119572069,0.03618702863268494,56.583365276588104,0
102.21432975231316,3.551056406764246,-105.76538615907737,58.30607845811587,4.5275410005066155,1.6795906265692802e-14,84.94448406203782,120.2809854856095,0.03614898305599365,58.30607845811587,0
104.0659500742973,-0.061141712532749706,-104.0048083617645,60.02916149406074,4.527544111478873,1.7037821797770228e-14,84.94454242924715,120.30679261437196,0.03611097747888048,60.02916149406074,0
105.8238278437389,-3.674063781553397,-102.14976406218543,61.752613995572744,4.527547219180381,1.943970449607861e-14,84.94460073509157,120.33257261056416,0.03607301185929265,61.752613995572744,0
107.48631109904757,-7.284439160788339,-100.20187193825917,63.47643557421075,4.527550323614577,1.680022442130927e-14,84.94465897963559,120.35832550271219,0.0360350861552198,63.47643557421075,0
109.05183261862732,-10.888996015508436,-98.16283660311886,65.20062584194201,4.527553424784896,1.7041060414482578e-14,84.94471716294365,120.38405131931216,0.03599720032469672,65.20062584194201,0
110.51891147233998,-14.484464288274449,-96.03444718406547,66.92518441114174,4.527556522694771,1.9442133458612874e-14,84.94477528508013,120.4097500888302,0.035959354325801524,66.92518441114174,0
111.88615449724661,-18.06757867552017,-93.81857582172638,68.6501108945927,4.527559617347628,1.9022492192460282e-14,84.94483334610935,120.4354218397025,0.03592154811665729,68.6501108945927,0
113.15225769609934,-21.635081605492317,-91.51717609060695,70.37540490548473,4.527562708746894,1.8707761242845837e-14,84.94489134609556,120.46106660033539,0.03588378165543127,70.37540490548473,0
114.3160075571231,-25.18372621482457,-89.1322813422985,72.10106605741436,4.527565796895986,2.5133051178385942e-14,84.94494928510292,120.4866843991053,0.035846054900331936,72.10106605741436,0
115.37628229369557,-28.710279321013942,-86.66600297268161,73.82709396438436,4.527568881798323,2.5511126531540397e-14,84.94500716319556,120.51227526435885,0.03580836780961541,73.82709396438436,0
116.3320530026023,-32.21152438806597,-84.12052861453631,75.55348824080335,4.52757196345732,2.801512909565655e-14,84.94506498043752,120.53783922441285,0.03577072034158174,75.55348824080335,0
117.18238473961668,-35.6842644825728,-81.4981202570438,77.28024850148532,4.527575041876385,2.7672684969493354e-14,84.94512273689277,120.56337630755434,0.03573311245457031,77.28024850148532,0
117.92643751122704,-39.125325217490996,-78.80111229373597,79.00737436164923,4.527578117058924,2.0754513727120014e-14,84.94518043262522,120.5888865420406,0.035695544106968874,79.00737436164923,0
118.56346718140607,-42.531557680887836,-76.03190950051817,80.73486543691858,4.527581189008341,1.7786331344590322e-14,84.94523806769871,120.61436995609924,0.03565801525720627,80.73486543691858,0
119.09282629239446,-45.89984134693356,-73.19298494546086,82.46272134332102,4.527584257728035,2.000108665619368e-14,84.94529564217703,120.63982657792816,0.03562052586375772,82.46272134332102,0
119.5139647985466,-49.227086966424615,-70.28687783212192,84.19094169728785,4.527587323221401,1.9441707090645885e-14,84.94535315612386,120.66525643569562,0.03558307588513859,84.19094169728785,0
119.82643071236346,-52.51023943413416,-67.31619127822923,85.91952611565367,4.527590385491832,1.9022172416485042e-14,84.94541060960286,120.69065955754029,0.03554566527991143,85.91952611565367,0
120.02987066191733,-55.74628063030182,-64.28359003161547,87.6484742156559,4.527593444542717,1.6487075361614095e-14,84.94546800267761,120.71603597157122,0.035508294006680624,87.6484742156559,0
120.12403035895171,-58.93223223358922,-61.19179812536243,89.37778561493438,4.527596500377438,1.6806198619711198e-14,84.9455253354116,120.74138570586793,0.035470962024092195,89.37778561493438,0
120.10875497702146,-62.06515850284925,-58.04359647417219,91.10745993153098,4.527599552999378,1.2604648964783397e-14,84.94558260786826,120.7667087884804,0.03543366929083841,91.10745993153098,0
119.98398943911826,-65.14216902507611,-54.84182041404212,92.83749678388914,4.527602602411916,1.3894378822088173e-14,84.94563982011098,120.79200524742915,0.035396415765655026,92.83749678388914,0
119.74977861431009,-68.16042142692984,-51.58935718738019,94.56789579085341,4.527605648618424,1.2641230165816443e-14,84.94569697220308,120.81727511070521,0.03535920140731924,94.56789579085341,0
119.40626742300522,-71.11712404725404,-48.28914337575112,96.29865657166911,4.527608691622274,8.370699599737177e-15,84.94575406420776,120.8425184062702,0.03532202617465263,96.29865657166911,0
118.95370085053544,-74.00953856803534,-44.944162282500045,98.02977874598187,4.527611731426833,6.278024699802883e-15,84.94581109618824,120.86773516205633,0.035284890026520827,98.02977874598187,0
118.39242386883654,-76.83498260128462,-41.55744126755188,99.76126193383719,4.527614768035465,8.039187598727631e-15,84.9458680682076,120.89292540596647,0.03524779292183189,99.76126193383719,0
117.72288126608944,-79.59083222935423,-38.13204903673517,101.49310575568005,4.527617801451529,4.919167674420567e-15,84.94592498032888,120.9180891658741,0.03521073481953613,101.49310575568005,0
116.94561738426955,-82.27452449624181,-34.67109288802771,103.22530983235448,4.527620831678384,4.7995987804405815e-15,84.94598183261508,120.94322646962344,0.035173715678629675,103.22530983235448,0
116.06127576463726,-84.88355984746987,-31.177715917167355,104.95787378510315,4.52762385871938,5.8201451345807494e-15,84.94603862512908,120.96833734502943,0.035136735458149104,104.95787378510315,0
115.0705987012883,-87.41550451617233,-27.655094185115928,106.6907972355669,4.527626882577867,5.475331875560719e-15,84.94609535793373,120.99342181987775,0.03509979411717398,106.6907972355669,0
113.97442670296792,-89.86799285306189,-24.106433849905986,108.42407980578442,4.527629903257193,1.8860528574202263e-15,84.9461520310918,121.0184799219249,0.03506289161482956,108.42407980578442,0
112.77369786343823,-92.2387295979987,-20.534968265439527,110.1577211181917,4.527632920760697,3.0798741800029047e-15,84.94620864466599,121.04351167889814,0.03502602791028048,110.1577211181917,0
111.46944714077453,-94.52549209092835,-16.943955049846178,111.89172079562177,4.5276359350917215,1.199682610377022e-15,84.94626519871898,121.06851711849565,0.03498920296273961,111.89172079562177,0
110.06280554605083,-96.72613242000796,-13.33667312604284,113.62607846130413,4.5276389462536,-1.3206840914675464e-15,84.94632169331332,121.09349626838643,0.03495241673145727,113.62607846130413,0
108.55499924196158,-98.83857950479178,-9.716419737169732,115.36079373886443,4.527641954249665,-8.206962728664178e-15,84.94637812851154,121.11844915621043,0.034915669175728414,115.36079373886443,0
106.94734855201024,-100.86084111240194,-6.086507439608296,117.09586625232403,4.527644959083244,-4.212331753404109e-15,84.94643450437607,121.14337580957852,0.03487896025489162,117.09586625232403,0
105.24126688098123,-102.79100580466685,-2.4502610763143693,118.83129562609956,4.527647960757664,-7.877696669709996e-15,84.9464908209693,121.16827625607252,0.03484228992832819,118.83129562609956,0
103.43825954749565,-104.62724481426969,1.1889852667741159,120.56708148500255,4.527650959276244,-1.152877656444735e-14,84.94654707835355,121.1931505232453,0.03480565815546113,120.56708148500255,0
101.53992252953529,-106.36781384800868,4.827891318473456,122.30322345423895,4.527653954642303,-1.0936417411624897e-14,84.94660327659105,121.21799863862073,0.03476906489575696,122.30322345423895,0
99.54794112390262,-108.01105481533435,8.463113691431749,124.03972115940877,4.527656946859156,-1.0006425473734552e-14,84.94665941574401,121.24282062969375,0.034732510108724746,124.03972115940877,0
97.46408852066703,-109.5553974803942,12.09130895972721,125.77657422650567,4.527659935930113,-1.55539360338333e-14,84.94671549587454,121.26761652393041,0.03469599375391516,125.77657422650567,0
95.29022429373006,-110.99936103588162,15.709136742151626,127.51378228191652,4.527662921858483,-1.4441009586937865e-14,84.94677151704471,121.29238634876786,0.03465951579092402,127.51378228191652,0
93.02829280872241,-112.341555597053,19.313262788330622,129.25134495242096,4.527665904647567,-8.610311140953086e-15,84.94682747931645,121.3171301316144,0.03462307617938418,129.25134495242096,0
90.68032154952725,-113.58068361434917,22.900362064821962,130.98926186519105,4.5276688843006685,-9.788402429590284e-15,84.94688338275175,121.34184789984954,0.034586674878977125,130.98926186519105,0
88.24841936480172,-114.71554120312739,26.467121838325706,132.7275326477908,4.527671860821083,-1.1782193920693338e-14,84.94693922741243,121.36653968082396,0.03455031184942306,132.7275326477908,0
85.73477463594907,-115.74501938908436,30.01024475313535,134.46615692817582,4.527674834212104,-1.3277537539020629e-14,84.9469950133603,121.39120550185964,0.03451398705048625,134.46615692817582,0
83.1416533680682,-116.66810526802577,33.526451899957564,136.20513433469281,4.5276778044770225,-9.958153154265471e-15,84.94705074065709,121.41584539024981,0.03447770044197221,136.20513433469281,0
80.47139720548577,-117.48388307871312,37.01248587322739,137.94446449607932,4.527680771619124,-1.6350399062700355e-14,84.94710640936444,121.44045937325899,0.03444145198372875,137.94446449607932,0
77.72642137354951,-118.19153518759886,40.46511381404938,139.68414704146312,4.527683735641694,-1.448324534627558e-14,84.94716201954398,121.46504747812305,0.034405241635647454,139.68414704146312,0
74.90921254843389,-118.79034298433677,43.88113043590291,141.42418160036195,4.52768669654801,-1.530332610820731e-14,84.94721757125721,121.48960973204923,0.03436906935765935,141.42418160036195,0
72.0223266567824,-119.27968768703836,47.25736103025598,143.16456780268302,4.527689654341348,-2.4800170876657363e-14,84.94727306456562,121.51414616221616,0.03433293510973931,143.16456780268302,0
69.06838660708108,-119.65905105632531,50.590664449244244,144.90530527872272,4.5276926090249825,-2.7481912354494274e-14,84.94732849953063,121.53865679577389,0.03429683885190499,144.90530527872272,0
66.05007995472513,-119.92801601731182,53.877936062586684,146.64639365916608,4.527695560602182,-2.7272772413621646e-14,84.94738387621355,121.56314165984394,0.034260780544214275,146.64639365916608,0
62.97015650280927,-120.0862671887347,57.11611068592548,148.3878325750864,4.527698509076213,-1.823413326096592e-14,84.94743919467567,121.58760078151928,0.03422476014676862,148.3878325750864,0
59.83142584073656,-120.13359131853369,60.30216547779715,150.1296216579449,4.527701454450338,-1.8116492044225066e-14,84.9474944549782,121.61203418786445,0.03418877761971048,150.1296216579449,0
56.63675482280581,-120.0698776252698,63.43312280246402,151.8717605395902,4.527704396727816,-2.0248707180919737e-14,84.9475496571823,121.6364419059155,0.034152832923224075,151.8717605395902,0
53.38906498899671,-119.8951180448573,66.50605305586063,153.61424885225807,4.527707335911902,-1.5186530385689804e-14,84.94760480134902,121.66082396268006,0.034116926017536214,153.61424885225807,0
50.09132993023515,-119.60940738217113,69.51807745193601,155.35708622857084,4.52771027200585,-2.249212803551892e-14,84.9476598875394,121.68518038513736,0.03408105686291549,155.35708622857084,0
46.74657260047524,-119.21294336717983,72.46637076670461,157.10027230153713,4.5277132050129065,-2.353043417439013e-14,84.94771491581439,121.70951120023828,0.03404522541967114,157.10027230153713,0
43.35786257799484,-118.70602661534353,75.34816403734871,158.8438067045514,4.527716134936318,-2.208871772929322e-14,84.94776988623487,121.73381643490536,0.0340094316481549,158.8438067045514,0
39.928313278350494,-118.08906049210431,78.16074721375384,160.58768907139358,4.527719061779327,-1.4346092247719603e-14,84.94782479886167,121.75809611603283,0.033973675508761014,160.58768907139358,0
36.4610791214933,-117.362550881387,80.90147175989372,162.33191903622856,4.527721985545172,-1.742090733354064e-14,84.94787965375558,121.78235027048665,0.033937956961925114,162.33191903622856,0
32.95935265559401,-116.52710585811748,83.56775320252346,164.07649623360587,4.527724906237088,-2.638835679565736e-14,84.94793445097726,121.80657892510452,0.03390227596812262,164.07649623360587,0
29.42636164017407,-115.58343526485633,86.15707362468225,165.8214202984593,4.527727823858307,-1.979126759674302e-14,84.94798919058738,121.83078210669595,0.03386663248787289,165.8214202984593,0
25.86536609118475,-114.53235019273589,88.66698410155115,167.5666908661064,4.527730738412058,-1.928434279605789e-14,84.94804387264648,121.85495984204223,0.03383102648173497,167.5666908661064,0
22.27965529071626,-113.37476236697849,91.09510707626224,169.3123075722482,4.527733649901563,-1.668370314629373e-14,84.94809849721507,121.87911215789653,0.03379545791030916,169.3123075722482,0
18.67254476406296,-112.11168343736526,93.43913867330232,171.05827005296865,4.527736558330047,-2.139456155672155e-14,84.9481530643536,121.90323908098387,0.03375992673423972,171.05827005296865,0
15.047373226904332,-110.74422417411387,95.69685094720957,172.8045779447344,4.527739463700726,-2.048681326604179e-14,84.94820757412245,121.92734063800117,0.033724432914209374,172.8045779447344,0
11.407499505399642,-109.27359356971526,97.86609406431562,174.55123088439427,4.527742366016818,-2.202644809728228e-14,84.94826202658194,121.9514168556173,0.033688976410945703,174.55123088439427,0
7.756299432025138,-107.70109784736748,99.94479841534233,176.29822850917884,4.527745265281532,-1.4299390023711397e-14,84.94831642179234,121.97546776047307,0.033653557185214594,176.29822850917884,0
4.097162720012297,-106.02813937673605,101.93097665672373,178.04557045670015,4.527748161498076,-1.0724542517783547e-14,84.94837075981381,121.99949337918129,0.03361817519782223,178.04557045670015,0
0.4334898192755569,-104.25621549785848,103.82272567858291,179.79325636495122,4.527751054669656,-8.04340688833766e-15,84.94842504070648,122.0234937383268,0.03358283040961932,179.79325636495122,0
-3.2313112432612896,-102.38691725409878,105.61822849736009,181.54128587230565,4.52775394479947,-1.0473447264753871e-14,84.9484792645304,122.0474688644665,0.033547522781494005,181.54128587230565,0
-6.893828036004309,-100.42192803514757,107.31575607115188,183.28965861751726,4.52775683189072,-1.229597754706603e-14,84.9485334313456,122.0714187841293,0.03351225227437982,183.28965861751726,0
-10.55064690474382,-98.36302213114753,108.91366903589137,185.03837423971967,4.5277597159466,-7.001537111049209e-15,84.948587541212,122.09534352381631,0.03347701884925025,185.03837423971967,0
-14.198356161452095,-96.21206319911487,110.41041936056699,186.78743237842588,4.527762596970299,-1.0802267956412689e-14,84.94864159418948,122.11924311000072,0.03344182246711522,186.78743237842588,0
-17.8335492768432,-93.97100264290873,111.80455191975192,188.53683267352793,4.5277654749650065,-6.9914779426843605e-15,84.94869559033783,122.14311756912792,0.033406663089031674,188.53683267352793,0
-21.45282807369903,-91.64187790808859,113.09470598178765,190.28657476529642,4.527768349933908,-1.9129393831378015e-15,84.94874952971684,122.16696692761546,0.033371540676095435,190.28657476529642,0
-25.052805917960757,-89.22681069308123,114.27961661104197,192.03665829438017,4.527771221880183,-1.4347045373533511e-15,84.94880341238617,122.19079121185315,0.03333645518944228,192.03665829438017,0
-28.63011090457573,-86.72800507816254,115.35811598273821,193.78708290180583,4.52777409080701,-1.0760284030150133e-15,84.94885723840544,122.21459044820304,0.033301406590248495,193.78708290180583,0
-32.181389035090916,-84.14774557384119,116.3291346089321,195.53784822897745,4.527776956717563,-8.070213022612599e-16,84.94891100783421,122.23836466299946,0.033266394839732844,195.53784822897745,0
-35.7033073839816,-81.4883950903102,117.19170247429183,197.28895391767605,4.527779819615016,1.6151800725543678e-15,84.948964720732,122.26211388254906,0.03323141989915551,197.28895391767605,0
-39.19255725070873,-78.75239282971201,117.94495008042071,199.04039961005932,4.527782679502532,3.431831103666089e-15,84.9490183771582,122.28583813313084,0.03319648172981271,199.04039961005932,0
-42.64585729450378,-75.94225210303917,118.58810939754296,200.79218494866117,4.527785536383279,4.7943193769998794e-15,84.94907197717221,122.30953744099615,0.03316158029304739,200.79218494866117,0
-46.05995664888823,-73.0605580735714,119.12051472245966,202.5443095763913,4.527788390260417,8.591743143563114e-15,84.94912552083333,122.33321183236876,0.03312671555023933,202.5443095763913,0
-49.431638012947595,-70.10996542881946,119.54160344176707,204.29677313653485,4.527791241137105,1.0329587943860383e-14,84.94917900820083,122.35686133344485,0.0330918874628105,204.29677313653485,0
-52.757720716394346,-67.09319598302261,119.85091669941694,206.049575272752,4.527794089016496,1.2465638812552202e-14,84.94923243933387,122.38048597039308,0.03305709599222231,206.049575272752,0
-56.035063755470595,-64.013036212316,120.04809996778657,207.80271562907762,4.527796933901741,1.2402342427133332e-14,84.94928581429158,122.40408576935458,0.03302234109997729,207.80271562907762,0
-59.26056879676225,-60.87233472475386,120.13290352151606,209.55619384992073,4.52779977579599,1.0273201966897012e-14,84.94933913313302,122.427660756443,0.03298762274761913,209.55619384992073,0
-62.431183146021006,-57.6739996674394,120.10518281346036,211.3100095800643,4.527802614702386,8.190624048446265e-15,84.94939239591719,122.45121095774456,0.032952940896730815,211.3100095800643,0
-65.54390267911282,-54.420996073082144,119.96489875219488,213.0641624646647,4.52780545062407,7.183802121920783e-15,84.94944560270301,122.47473639931802,0.032918295508935436,213.0641624646647,0
-68.59577473224532,-51.116343148360286,119.71211788060558,214.81865214925136,4.527808283564182,9.551187933784923e-15,84.94949875354938,122.49823710719474,0.03288368654589893,214.81865214925136,0
-71.58390094865308,-47.763111506533775,119.34701245518681,216.57347827972643,4.527811113525855,1.2159394561151897e-14,84.9495518485151,122.52171310737874,0.03284911396932455,216.57347827972643,0
-74.50544007895886,-44.36442034680559,118.86986042576441,218.32864050236432,4.52781394051222,1.6891107093240018e-14,84.94960488765892,122.5451644258467,0.032814577740956447,218.32864050236432,0
-77.35761073246144,-40.92343458299268,118.2810453154541,220.08413846381137,4.527816764526408,1.8774556955368375e-14,84.94965787103955,122.56859108854798,0.03278007782258227,220.08413846381137,0
-80.13769407664475,-37.44336192411592,117.58105600076065,221.83997181108535,4.527819585571541,1.9632032839652063e-14,84.94971079871559,122.59199312140463,0.03274561417602434,221.83997181108535,0
-82.84303648224297,-33.9274499095746,116.77048639181758,223.59614019157522,4.52782240365074,1.8054693703614517e-14,84.9497636707456,122.61537055031147,0.032711186763148326,223.59614019157522,0
-85.47105211124122,-30.378982901620684,115.85003501286192,225.35264325304058,4.527825218767126,2.575347354858761e-14,84.9498164871881,122.63872340113612,0.03267679554586153,225.35264325304058,0
-88.01922544524243,-26.80127903789128,114.82050448313366,227.10948064361142,4.5278280309238115,2.7086666333816803e-14,84.94986924810154,122.66205169971896,0.03264244048610651,227.10948064361142,0
-90.48511375167686,-23.19768714680866,113.68280089848544,228.86665201178766,4.52783084012391,2.2535445799612916e-14,84.94992195354428,122.68535547187324,0.032608121545871005,228.86665201178766,0
-92.8663494853881,-19.571583628693826,112.43793311408183,230.6241570064388,4.52783364637053,1.6901584349709686e-14,84.94997460357466,122.70863474338505,0.032573838687180556,230.6241570064388,0
-95.16064262318123,-15.926369305483403,111.08701192866457,232.3819952768034,4.527836449666775,1.1565965237657107e-14,84.95002719825094,122.73188954001336,0.03253959187209865,232.3819952768034,0
-97.36578292898032,-12.265466241972145,109.63124917095249,234.14016647248891,4.527839250015748,1.4225589051368614e-14,84.9500797376313,122.75511988749008,0.032505381062731875,234.14016647248891,0
-99.47964214729923,-8.59231454154344,108.07195668884259,235.89867024347114,4.527842047420548,2.399186808402834e-14,84.95013222177388,122.77832581152006,0.032471206221225485,235.89867024347114,0
-101.50017612279481,-4.910369119375337,106.41054524217014,237.65750624009388,4.52784484188427,2.0214347112271567e-14,84.95018465073677,122.80150733778113,0.032437067309763395,237.65750624009388,0
-103.42542684373697,-1.2230964561440216,104.64852329988088,239.41667411306855,4.527847633410006,3.070388267895586e-14,84.95023702457797,122.82466449192411,0.03240296429057066,239.41667411306855,0
-105.25352440729455,2.4660286647325957,102.78749574256197,241.17617351347377,4.527850422000845,2.524835805846721e-14,84.95028934335544,122.84779729957286,0.032368897125911816,241.17617351347377,0
-106.98268890460899,6.153526433239541,100.82916247136946,242.93600409275504,4.527853207659872,3.225894483935229e-14,84.95034160712706,122.87090578632429,0.03233486577808989,242.93600409275504,0
-108.61123222369659,9.835915299212296,98.7753169244842,244.69616550272428,4.5278559903901705,3.0855546777265156e-14,84.95039381595066,122.8939899777484,0.03230087020944991,244.69616550272428,0
-110.1375597682958,13.509715265979732,96.62784450231608,246.45665739555952,4.527858770194818,2.0921214033698554e-14,84.95044596988402,122.91704989938835,0.03226691038237342,246.45665739555952,0
-111.56017209085083,17.171451188081424,94.3887209027693,248.21747942380443,4.527861547076892,2.2352248673024854e-14,84.95049806898484,122.94008557676037,0.032232986259283974,248.21747942380443,0
-112.87766643789988,20.817656069930038,92.06001036796975,249.97863124036806,4.5278643210394645,1.6764186504768642e-14,84.95055011331078,122.96309703535391,0.03219909780264421,249.97863124036806,0
-114.08873820621805,24.444874362276128,89.64386384394184,251.74011249852427,4.5278670920856054,1.4793585927826794e-14,84.95060210291942,122.98608430063163,0.03216524497495604,251.74011249852427,0
-115.19218230814356,28.0496652533312,87.14251705481226,253.50192285191153,4.52786986021838,1.5536081544370723e-14,84.95065403786829,123.00904739802938,0.03213142773875946,253.50192285191153,0
-116.18689444460095,31.628605951400953,84.55828849319992,255.26406195453245,4.5278726254408515,1.831339930602898e-14,84.95070591821485,123.03198635295631,0.03209764605663537,255.26406195453245,0
-117.07187228441964,35.17829495588099,81.89357732853856,257.0265294607534,4.527875387756081,2.0396387627272673e-14,84.95075774401653,123.05490119079482,0.03206389989120545,257.0265294607534,0
-117.84621654863048,38.69535531347072,79.15086123515978,258.7893250253041,4.527878147167123,2.1958628868205443e-14,84.95080951533065,123.07779193690065,0.03203018920512585,258.7893250253041,0
-118.50913199851423,42.17643785646862,76.3326941420456,260.55244830327734,4.527880903677034,3.2012093995906275e-14,84.95086123221452,123.10065861660287,0.03199651396109879,260.55244830327734,0
-119.05992832626121,45.61822442002246,73.44170390623874,262.3158989501285,4.527883657288861,3.511130074318127e-14,84.95091289472533,123.12350125520393,0.031962874121858276,262.3158989501285,0
-119.49802094719584,49.017431035216305,70.48058991197956,264.0796766216751,4.527886408005652,3.077436765588658e-14,84.9509645029203,123.14631987797966,0.031929269650183306,264.0796766216751,0
-119.82293169260801,52.370811094899366,67.45212059770864,265.8437809740967,4.527889155830451,2.5301221791165248e-14,84.95101605685649,123.16911451017933,0.03189570050888904,265.8437809740967,0
-120.03428940232924,55.67515848917304,64.35913091315608,267.6082116639343,4.527891900766297,2.341680844187456e-14,84.95106755659094,123.19188517702565,0.03186216666083028,267.6082116639343,0
-120.1318304162837,58.92731070747882,61.20451970880481,269.3729683480899,4.527894642816229,1.756260633140592e-14,84.95111900218066,123.21463190371485,0.03182866806890136,269.3729683480899,0
-120.11539896434044,62.12415190425282,57.9912470600876,271.13805068382624,4.527897381983281,1.0951508699304127e-14,84.95117039368257,123.23735471541661,0.031795204696035306,271.13805068382624,0
-119.98494745388801,65.2626159251416,54.722331528746295,272.9034583287665,4.527900118270485,1.4874969672229034e-14,84.95122173115355,123.2600536372742,0.031761776505206424,272.9034583287665,0
-119.7405366546512,68.33968929080365,51.400847363847454,274.6691909408937,4.5279028516808655,8.935781204921463e-15,84.95127301465038,123.28272869440443,0.03172838345942222,274.6691909408937,0
-119.3823357803653,71.35241413535275,48.02992164501253,276.4352481785505,4.52790558221745,6.7018359036910975e-15,84.95132424422982,123.3053799118977,0.03169502552173495,276.4352481785505,0
-118.9106224670227,74.29789109654249,44.61273137048013,278.20162970043884,4.527908309883259,7.246822977018636e-15,84.95137541994856,123.32800731481805,0.03166170265523269,278.20162970043884,0
-118.3257826475052,77.1732821548225,41.15250049268269,279.96833516561935,4.527911034681309,3.2146711835136634e-15,84.9514265418632,123.35061092820315,0.031628414823041934,279.96833516561935,0
-117.62831032251398,79.97581341844467,37.65249690406929,281.7353642335112,4.527913756614618,7.96211851076103e-15,84.95147761003035,123.37319077706435,0.03159516198833112,281.7353642335112,0
-116.81880722780927,82.70277785184182,34.11602937596737,283.5027165638915,4.5279164756861965,7.081811907695929e-15,84.9515286245065,123.39574688638672,0.03156194411430441,283.5027165638915,0
-115.89798239787194,85.35153794454912,30.54644445332274,285.27039181689526,4.527919191899052,3.0909128815216336e-15,84.95157958534807,123.41827928112905,0.031528761164204167,285.27039181689526,0
-114.86665162619764,87.91952831798802,26.947123308209605,287.0383896530147,4.527921905256193,9.773861189091235e-17,84.9516304926115,123.44078798622387,0.03149561310131552,287.0383896530147,0
-113.72573682253616,90.40425826748763,23.321478555048536,288.80670973309896,4.52792461576062,-1.0369190657069723e-15,84.9516813463531,123.46327302657754,0.03146249988895827,288.80670973309896,0
-112.47626526748692,92.80331423697587,19.67295103051099,290.5753517183538,4.527927323415333,-7.776892992802293e-16,84.95173214662913,123.4857344270702,0.03142942149049208,290.5753517183538,0
-111.11936876496237,95.11436222382751,16.005006541134787,292.34431527034116,4.527930028223326,-1.1383784867727502e-15,84.9517828934958,123.50817221255585,0.03139637786931393,292.34431527034116,0
-109.65628269313078,97.33515011142099,12.32113258170972,294.1136000509788,4.527932730187594,-3.629341426642454e-15,84.95183358700926,123.53058640786234,0.03136336898886061,294.1136000509788,0
-108.08834495454792,99.46350992702004,8.624835027527814,295.8832057225399,4.527935429311126,-2.7220060699818406e-15,84.95188422722562,123.55297703779144,0.031330394812607826,295.8832057225399,0
-106.41699482628795,101.49736002265998,4.919634803627903,297.65313194765275,4.527938125596909,-5.37217362636185e-15,84.95193481420091,123.57534412711883,0.031297455304069355,297.65313194765275,0
-104.6437717109803,103.43470717678997,1.209064534190345,299.42337838930035,4.527940819047926,-8.608800196350157e-15,84.9519853479911,123.59768770059414,0.031264550426795906,299.42337838930035,0
-102.77031378975884,105.2736486144921,-2.503334824733338,301.19394471081995,4.527943509667158,-1.783638614967047e-14,84.95203582865211,123.62000778294099,0.03123168014437891,301.19394471081995,0
-100.79835657822481,107.0123739441732,-6.214017365948426,302.96483057590285,4.527946197457581,-1.1295621441080683e-14,84.9520862562398,123.642304398857,0.03119884442044482,302.96483057590285,0
-98.72973138662316,108.6491670086989,-9.919435622075808,304.7360356485939,4.527948882422172,-1.6520833009342896e-14,84.95213663080997,123.66457757301382,0.031166043218663397,304.7360356485939,0
-96.56636368552539,110.18240764902043,-13.616043963495104,306.5075595932911,4.527951564563898,-1.266818051316346e-14,84.95218695241834,123.68682733005717,0.031133276502734952,306.5075595932911,0
-94.31027137840779,111.61057337842166,-17.300302000013932,308.27940207474535,4.52795424388573,-1.3386915971060644e-14,84.95223722112063,123.70905369460687,0.031100544236406458,308.27940207474535,0
-91.96356298260645,112.93224096559742,-20.968677982991025,310.05156275805996,4.52795692039063,-1.5591302101421264e-14,84.95228743697243,123.73125669125682,0.031067846383456388,310.05156275805996,0
-89.52843572022206,114.14608792485909,-24.61765220463707,311.8240413086904,4.527959594081563,-2.4461041359255248e-14,84.95233760002932,123.75343634457509,0.0310351829077061,311.8240413086904,0
-87.00717352063958,115.25089391184714,-28.243720391207617,313.59683739244394,4.527962264961484,-1.3904888920940811e-14,84.9523877103468,123.77559267910392,0.031002553773011088,313.59683739244394,0
-84.40214493641643,116.24554202321933,-31.84339708680293,315.369950675479,4.527964933033351,-1.5979781813831392e-14,84.95243776798031,123.79772571935973,0.03096995894326704,315.369950675479,0
-81.71580097437965,117.12901999887326,-35.41321902449361,317.14338082430515,4.527967598300114,-1.7535951483499327e-14,84.95248777298525,123.81983548983318,0.03093739838240625,317.14338082430515,0
-78.95067284386076,117.90042132535169,-38.94974848149093,318.9171275057825,4.527970260764724,-2.980530898200184e-14,84.95253772541696,123.84192201498918,0.03090487205440204,318.9171275057825,0
-76.10936962408161,118.5589462391723,-42.44957661509072,320.6911903871214,4.527972920430127,-3.4566435007378105e-14,84.95258762533071,123.86398531926692,0.03087237992326161,320.6911903871214,0
-73.19457585278444,119.10390262891809,-45.909326776133675,322.4655691358822,4.527975577299266,-3.480661045253483e-14,84.95263747278172,123.88602542707987,0.030839921953033117,322.4655691358822,0
-70.20904903828577,119.53470683501877,-49.32565779673302,324.24026341997467,4.52797823137508,-3.1656072962526906e-14,84.95268726782514,123.90804236281588,0.03080749810780023,324.24026341997467,0
-67.15561709720798,119.85088434625217,-52.69526724904422,326.0152729076577,4.527980882660506,-2.707272379577065e-14,84.95273701051606,123.93003615083713,0.0307751083516849,326.0152729076577,0
-64.03717572022171,120.05207039209088,-56.014894671869186,327.790597267539,4.527983531158478,-1.5863650748327358e-14,84.95278670090953,123.95200681548017,0.03074275264884796,327.790597267539,0
-60.85668566820954,120.13801043011897,-59.281324761909445,329.56623616857473,4.527986176871926,-1.1897738061245519e-14,84.95283633906053,123.973954381056,0.030710430963486746,329.56623616857473,0
-57.61717000132937,120.10856052784453,-62.4913905265152,331.342189280069,4.527988819803778,-1.1143749595184453e-14,84.95288592502398,123.99587887185005,0.030678143259836504,331.342189280069,0
-54.32171124353154,119.96368763833355,-65.64197639480203,333.1184562716737,4.527991459956958,-2.3900934541140532e-14,84.95293545885475,124.0177803121222,0.030645889502169676,333.1184562716737,0
-50.97344848514975,119.70346976919296,-68.73002128404322,334.895036813388,4.527994097334388,-2.2366593004356025e-14,84.95298494060766,124.03965872610684,0.030613669654798475,334.895036813388,0
-47.575574426254455,119.32809604453384,-71.7525216182794,336.67193057555795,4.527996731938987,-2.7877174999518584e-14,84.95303437033746,124.06151413801287,0.030581483682070282,336.67193057555795,0
-44.13133236351374,118.83786665964752,-74.7065342961338,338.4491372288763,4.527999363773668,-2.978966544664019e-14,84.95308374809885,124.08334657202374,0.0305493315483705,338.4491372288763,0
-40.64401312338107,118.23319272823286,-77.58917960485181,340.22665644438194,4.528001992841347,-2.678314118348077e-14,84.95313307394646,124.10515605229749,0.030517213218123146,340.22665644438194,0
-37.116951944473236,117.5145960221151,-80.3976440776419,342.00448789345967,4.528004619144929,-1.7866909838360266e-14,84.95318234793488,124.12694260296674,0.030485128655787425,342.00448789345967,0
-33.55352531206815,116.68270860350309,-83.12918329143497,343.78263124783973,4.528007242687322,-2.228196657577145e-14,84.95323157011862,124.14870624813875,0.030453077825861208,343.78263124783973,0
-29.957147747701626,115.73827234993492,-85.78112460223329,345.5610861795975,4.5280098634714285,-1.89319209810789e-14,84.95328074055213,124.17044701189545,0.030421060692879143,345.5610861795975,0
-26.33126855689128,114.68213837216732,-88.35086981527606,347.3398523611532,4.528012481500149,-9.758048637308547e-15,84.95332985928984,124.19216491829341,0.030389077221414457,347.3398523611532,0
-22.679368538067,113.51526632536984,-90.83589778730284,349.1189294652713,4.52801509677638,-1.397987462573235e-14,84.95337892638611,124.21385999136395,0.030357127376077153,349.1189294652713,0
-19.004956655826685,112.23872361408678,-93.23376695826012,350.8983171650605,4.528017709303016,-8.26445992004895e-15,84.95342794189523,124.23553225511309,0.03032521112151393,350.8983171650605,0
-15.311566681686559,110.85368449153941,-95.54211780985288,352.6780151339731,4.528020319082947,-6.198344940036712e-15,84.95347690587143,124.25718173352163,0.030293328422408977,352.6780151339731,0
-11.602753805522363,109.36142905393929,-97.75867524841692,354.45802304580457,4.528022926119061,-6.869204754277847e-15,84.95352581836887,124.27880845054517,0.03026147924348227,354.45802304580457,0
-7.882091220944852,107.76334213059255,-99.8812509096477,356.23834057469355,4.528025530414241,-1.4033687762709638e-14,84.95357467944167,124.3004124301141,0.030229663549490304,356.23834057469355,0
-4.153166687876738,106.06091207067429,-101.90774538279756,358.01896739512125,4.528028131971372,-1.4966157920532856e-14,84.95362348914395,124.32199369613363,0.03019788130523332,358.01896739512125,0
-0.4195790756361433,104.25572942765955,-103.83615035202338,359.799903181911,4.528030730793331,-1.3445064489649955e-14,84.95367224752967,124.3435522724839,0.030166132475539925,359.799903181911,0
3.3150651101511817,102.34948554249377,-105.66455065264493,1.581147610228129,4.528033326882994,-1.0083798367237465e-14,84.9537209546528,124.3650881830199,0.030134417025281468,1.581147610228129,0
7.047155213457764,100.34397102669219,-107.39112624014994,3.362700355579409,4.5280359202432345,-1.2003740873928724e-14,84.95376961056725,124.38660145157156,0.03010273491936391,3.362700355579409,0
10.773079923208282,98.24107414665525,-109.01415406986357,5.144561093812796,4.52803851087692,-9.002805655446543e-15,84.95381821532683,124.40809210194374,0.030071086122728657,5.144561093812796,0
14.48923077469578,96.04277911058678,-110.53200988528253,6.926729501117045,4.528041098786919,-1.1192996340085532e-14,84.95386676898535,124.42956015791627,0.030039470600357943,6.926729501117045,0
18.19200565365884,93.75116425949987,-111.94316991315873,8.709205254021352,4.528043683976094,-9.504970279689306e-15,84.95391527159651,124.45100564324399,0.03000788831726664,8.709205254021352,0
21.87781229960937,91.36840016389434,-113.24621246350367,10.491988029394998,4.528046266447305,-8.238950734392136e-15,84.95396372321397,124.47242858165677,0.02997633923850862,10.491988029394998,0
25.543071804993755,88.89674762778178,-114.43981943277551,12.275077504446989,4.5280488462034105,-8.399659100044415e-15,84.95401212389137,124.49382899685952,0.02994482332917478,12.275077504446989,0
29.184222106766377,86.33855560183264,-115.52277770859901,14.058473356725703,4.528051423247264,-7.409967349658469e-15,84.95406047368226,124.51520691253222,0.029913340554391293,14.058473356725703,0
32.79772146695446,83.69625900750925,-116.49398047446371,15.842175264118527,4.52805399758172,-2.226806438368382e-15,84.95410877264015,124.53656235232998,0.029881890879323997,15.842175264118527,0
36.380051938796456,80.97237647414221,-117.35242841293865,17.626182904851508,4.528056569209624,-2.780327853401443e-15,84.95415702081846,124.55789533988302,0.02985047426917037,17.626182904851508,0
39.92772281504296,78.16950799099598,-118.0972308060389,19.41049595748899,4.528059138133822,-2.0852458900510824e-15,84.95420521827059,124.57920589879672,0.029819090689169214,19.41049595748899,0
43.437274055018385,75.29033247645758,-118.72760653147594,21.195114100933264,4.528061704357158,1.0140011939942285e-16,84.95425336504987,124.60049405265163,0.02978774010459273,21.195114100933264,0
46.905279687056,72.3376052665687,-119.24288495362468,22.98003701442421,4.52806426788247,5.62716521267535e-15,84.95430146120957,124.62175982500354,0.029756422480751665,22.98003701442421,0
50.328351182934696,69.31415552520428,-119.64250670813895,24.765264377538937,4.528066828712595,4.775485421819091e-15,84.95434950680291,124.64300323938345,0.029725137782992656,24.765264377538937,0
53.703140800966466,66.22288357828381,-119.92602437925024,26.55079587019144,4.528069386850368,5.802060115614631e-15,84.95439750188308,124.66422431929762,0.029693885976698253,26.55079587019144,0
57.02634489440663,63.06675817448073,-120.09310306888734,28.336631172632238,4.528071942298618,6.849546892117576e-15,84.95444544650316,124.68542308822761,0.029662667027287704,28.336631172632238,0
60.294707181885904,59.84881367497273,-120.14352085685861,30.122769965448022,4.528074495060174,1.0410719536057675e-14,84.95449334071621,124.70659956963028,0.029631480900216917,30.122769965448022,0
63.505021976593056,56.57214717485102,-120.07716915144404,31.909211929561295,4.52807704513786,1.3463238183727646e-14,84.95454118457523,124.72775378693785,0.029600327560977524,31.909211929561295,0
66.65413737097074,53.23991555887964,-119.89405292985035,33.69595674623003,4.528079592534497,1.5509765882843373e-14,84.95458897813315,124.74888576355788,0.02956920697509688,33.69595674623003,0
69.73895837372308,49.855332494366685,-119.59429086808974,35.48300409704732,4.528082137252904,1.2742547436757687e-14,84.95463672144285,124.76999552287332,0.02953811910813975,35.48300409704732,0
72.7564499959742,46.42166536397527,-119.17811535994943,37.27035366394101,4.528084679295897,1.2610023895287446e-14,84.95468441455716,124.79108308824254,0.0295070639257074,37.27035366394101,0
75.70364028345928,42.94223214137006,-118.64587242482928,39.058005129173345,4.528087218666289,1.2233075483028475e-14,84.95473205752887,124.81214848299938,0.029476041393436736,39.058005129173345,0
78.57762329167647,39.42039821265482,-117.99802150433125,40.84595817534065,4.52808975536689,1.0285029636896512e-14,84.9547796504107,124.83319173045311,0.029445051477000994,40.84595817534065,0
81.375562000977,35.85957314661882,-117.23513514759578,42.63421248537293,4.528092289400506,1.4375110375423323e-14,84.95482719325528,124.8542128538885,0.029414094142107133,42.63421248537293,0
84.09469116862404,32.26320741686429,-116.3578985854883,44.42276774253355,4.528094820769943,1.6332447904693274e-14,84.95487468611525,124.87521187656586,0.029383169354502997,44.42276774253355,0
86.73232011490543,28.634789078943097,-115.3671091938485,46.2116236304189,4.528097349477999,2.1131120125521207e-14,84.95492212904314,124.89618882172103,0.029352277079967293,46.2116236304189,0
89.28583544044497,24.977840405681107,-114.26367584612606,48.000779832957996,4.528099875527475,2.1399455217266688e-14,84.95496952209146,124.91714371256542,0.02932141728431853,48.000779832957996,0
91.75270367191774,21.29591448391662,-113.0486181558343,49.79023603441218,4.528102398921164,2.16007065360758e-14,84.95501686531264,124.93807657228604,0.029290589933409716,49.79023603441218,0
94.13047383344025,17.59259177592408,-111.7230656093643,51.579991919374734,4.528104919661859,2.0641422000557476e-14,84.95506415875907,124.95898742404552,0.02925979499312828,51.579991919374734,0
96.41677994097265,13.871476648837337,-110.28825658980993,53.370047172770555,4.528107437752349,2.103218162354389e-14,84.9551114024831,124.97987629098213,0.029229032429401225,53.370047172770555,0
98.60934341714095,10.136193875423261,-108.74553729256418,55.16040147985579,4.528109953195423,2.13252513407837e-14,84.95515859653702,125.00074319620984,0.029198302208189114,55.16040147985579,0
100.70597542395983,6.3903851095943995,-107.09636053355418,56.951054526217504,4.5281124659938605,1.9324607579463244e-14,84.95520574097299,125.02158816281829,0.029167604295486677,56.951054526217504,0
102.70457911101272,2.637705340079325,-105.342284451092,58.74200599777331,4.528114976150443,1.6713901733847743e-14,84.9552528358432,125.04241121387287,0.02913693865732561,58.74200599777331,0
104.60315177672268,-1.1181806742998281,-103.48497110242283,60.53325558077105,4.528117483667948,1.6976318398886432e-14,84.95529988119978,125.06321237241468,0.02910630525977534,60.53325558077105,0
106.3997869404299,-4.873601984269194,-101.52618495616066,62.324802961788414,4.528119988549152,1.9393576946915763e-14,84.95534687709478,125.08399166146066,0.029075704068939445,62.324802961788414,0
108.09267632307363,-8.624885041168145,-99.46779128190545,64.11664782773263,4.528122490796825,1.898607480868745e-14,84.95539382358021,125.10474910400347,0.02904513505095649,64.11664782773263,0
109.68011173436226,-12.36835729592125,-97.31175443844094,65.90878986584009,4.528124990413736,2.0900894254266525e-14,84.955440720708,125.12548472301167,0.029014598172000944,65.90878986584009,0
111.16048686440362,-16.100350802388856,-95.0601360620147,67.70122876367601,4.528127487402651,2.011656278920052e-14,84.95548756853003,125.14619854142963,0.028984093398283894,67.70122876367601,0
112.53229897785624,-19.817205821551653,-92.71509315630456,69.4939642091341,4.528129981766333,2.396920628890164e-14,84.95553436709818,125.1668905821776,0.028953620696050453,69.4939642091341,0
113.79415050875635,-23.51527442298087,-90.27887608577542,71.2869958904362,4.528132473507542,2.6858688913677483e-14,84.9555811164642,125.18756086815175,0.02892318003158237,71.2869958904362,0
114.94475055426808,-27.190924080037266,-87.75382647423073,73.08032349613192,4.528134962629035,2.014401668525811e-14,84.95562781667982,125.20820942222417,0.028892771371196224,73.08032349613192,0
115.98291626570168,-30.840541255242428,-85.14237501045919,74.87394671509836,4.528137449133565,1.7328458563193896e-14,84.95567446779673,125.2288362672429,0.028862394681243214,74.87394671509836,0
116.90757413524179,-34.46053497226782,-82.4470391629739,76.66786523653967,4.528139933023888,1.5216789971645734e-14,84.95572106986656,125.24944142603195,0.028832049928114778,76.66786523653967,0
117.71776117692835,-38.04734037099266,-79.67042080593565,78.4620787499868,4.5281424143027476,2.0294376675735552e-14,84.95576762294085,125.27002492139135,0.028801737078229778,78.4620787499868,0
118.41262600053423,-41.5974222420905,-76.81520375844366,80.25658694529709,4.528144892972891,2.1882120654552604e-14,84.95581412707114,125.29058677609717,0.028771456098047987,80.25658694529709,0
118.99142977708628,-45.107278537618654,-73.88415123946758,82.05138951265397,4.528147369037061,2.085248258941508e-14,84.95586058230884,125.3111270129015,0.028741206954062015,82.05138951265397,0
119.45354709488224,-48.573443854098215,-70.88010324078401,83.84648614256659,4.528149842497998,2.0080254040561934e-14,84.9559069887054,125.33164565453252,0.028710989612801663,83.84648614256659,0
119.79846670496056,-51.99249288459523,-67.80597382036532,85.64187652586948,4.528152313358437,1.9501082628922076e-14,84.95595334631214,125.35214272369453,0.02868080404083037,85.64187652586948,0
120.02579215508904,-55.36104383633533,-64.66474831875364,87.43756035372222,4.528154781621115,2.1287150119442495e-14,84.95599965518039,125.37261824306795,0.028650650204747885,87.43756035372222,0
120.1352423114458,-58.67576181041076,-61.45948050103503,89.23353731760909,4.52815724728876,1.596536258958187e-14,84.95604591536136,125.39307223530935,0.028620528071186507,89.23353731760909,0
120.12665176727619,-61.933362140169976,-58.19328962710618,91.02980710933873,4.528159710364103,1.4194467991436715e-14,84.95609212690624,125.41350472305149,0.02859043760681748,91.02980710933873,0
119.9999711379192,-65.13061368491395,-54.86935745300523,92.82636942104382,4.528162170849868,1.2866297042827849e-14,84.95613828986619,125.43391572890333,0.028560378778343692,92.82636942104382,0
119.7552672417096,-68.26434207555896,-51.4909251661506,94.62322394518068,4.528164628748778,1.18701688313712e-14,84.95618440429227,125.45430527545007,0.028530351552505884,94.62322394518068,0
119.39272316637293,-71.33143290896844,-48.06129025740448,96.420370374529,4.528167084063552,1.0012849648153557e-14,84.9562304702355,125.47467338525313,0.028500355896077356,96.420370374529,0
118.91263822064451,-74.32883488769907,-44.58380333294539,98.21780840219147,4.5281695367969075,5.2891911868648554e-15,84.95627648774686,125.49502008085025,0.028470391775866466,98.21780840219147,0
118.31542777095622,-77.25356290195427,-41.0618648690019,100.0155377215934,4.528171986951559,6.1873394393989544e-15,84.95632245687729,125.51534538475546,0.0284404591587194,100.0155377215934,0
117.60162296314913,-80.1027010505889,-37.498921912560164,101.81355802648248,4.528174434530217,9.081396678049843e-15,84.95636837767762,125.53564931945911,0.028410558011513792,101.81355802648248,0
116.77187032928428,-82.87340559806285,-33.8984647312214,103.61186901092834,4.5281768795355894,6.811047508537382e-15,84.95641425019868,125.55593190742792,0.028380688301163165,103.61186901092834,0
115.82693127973805,-85.56290786429861,-30.26402341543939,105.41047036932227,4.528179321970383,7.32873168065335e-15,84.95646007449125,125.57619317110499,0.028350849994617816,105.41047036932227,0
114.76768148088256,-88.16851704445804,-26.59916443642446,107.20936179637685,4.528181761837299,3.2761027112396997e-15,84.95650585060599,125.59643313290981,0.02832104305885849,107.20936179637685,0
113.59511011876782,-90.68762295571764,-22.90748716305012,109.00854298712564,4.528184199139038,2.4570770334297746e-15,84.95655157859359,125.6166518152383,0.028291267460905295,109.00854298712564,0
112.31031904933378,-93.11769870818716,-19.192620341146565,110.80801363692282,4.528186633878296,2.397919287384909e-15,84.95659725850462,125.63684924046284,0.028261523167809666,110.80801363692282,0
110.91452183579752,-95.45630329718686,-15.45821853861062,112.60777344144287,4.5281890660577675,-1.5322296083367879e-15,84.95664289038963,125.6570254309323,0.02823181014665868,112.60777344144287,0
109.4090426739717,-97.70108411417134,-11.707958559800332,114.40782209668022,4.5281914956801455,-2.2593952308777474e-15,84.95668847429916,125.67718040897202,0.02820212836457686,114.40782209668022,0
107.7953152063859,-99.84977937366236,-7.945535832723519,116.20815929894893,4.528193922748116,-4.747659740877491e-15,84.9567340102836,125.69731419688391,0.028172477788718148,116.20815929894893,0
106.0748812261935,-101.90022045363236,-4.174660772561115,118.00878474488232,4.528196347264366,-1.8954102687203837e-15,84.95677949839336,125.7174268169464,0.028142858386274727,118.00878474488232,0
104.24938927195934,-103.85033414686035,-0.39905512509899077,119.80969813143268,4.528198769231578,-7.25022858082236e-15,84.95682493867875,125.73751829141452,0.02811327012447165,119.80969813143268,0
102.32059311453428,-105.69814482086666,3.3775517063324307,121.6108991558709,4.52820118865243,-1.2497995982842375e-14,84.95687033119006,125.75758864251989,0.02808371297056772,121.6108991558709,0
100.29035013733257,-107.44177648411817,7.15142634678565,123.41238751578615,4.528203605529602,-1.3120499695241684e-14,84.95691567597753,125.77763789247076,0.02805418689185979,123.41238751578615,0
98.16061961143782,-109.0794547562847,10.918835144846907,125.21416290908556,4.528206019865768,-1.1228153552212708e-14,84.95696097309133,125.79766606345203,0.02802469185567577,125.21416290908556,0
95.93346086706987,-110.60950874041895,14.67604787334916,127.01622503399383,4.528208431663597,-1.6747787848848203e-14,84.95700622258155,125.81767317762527,0.02799522782937719,127.01622503399383,0
93.61103136305303,-112.03037279502584,18.419341431972825,128.81857358905296,4.52821084092576,-9.230171812760685e-15,84.9570514244983,125.83765925712875,0.027965794780363568,128.81857358905296,0
91.19558465602998,-113.34058820408083,22.1450035480509,130.6212082731219,4.528213247654922,-9.143074908820826e-15,84.9570965788916,125.85762432407748,0.027936392676066124,130.6212082731219,0
88.68946827126992,-114.53880474315922,25.849336471889337,132.42412878537618,4.528215651853746,-1.0743086767803667e-14,84.95714168581138,125.87756840056319,0.027907021483949634,132.42412878537618,0
